10,13,30,32,39,46,50,60,63,81,110,112,120,124,136,146,153,169,186,189,194,202,203,205,233,258,275,287,319,347,377,383,388,407,440,441,453,462,493,496,501,509,520,537,549,581,595,603,608,637,639,653,673,677,680,698,703,706,717,719,724,741,752,754,762,764,765,766,780,785,790,797,814,815,824,828,833,835,843,845,848,853,854,864,866,870,878,880,887,893,894,928,930,948,950,965,973,986,987,991,1006,1032,1051,1053,1063,1064,1066,1071,1076,1093,1098,1108,1110,1134,1140,1152,1153,1154,1156,1177,1182,1185,1202,1210,1213,1222,1233,1237,1249,1252,1258,1277,1331,1340,1342,1348,1351,1355,1379,1400,1403,1413,1427,1432,1451,1466,1470,1472,1495,1501,1504,1535,1537,1538,1550,1569,1578,1579,1587,1590,1595,1604,1615,1616,1642,1658,1662,1664,1668,1671,1672,1676,1704,1717,1725,1746,1750,1754,1755,1763,1797,1798,1799,1817,1821,1823,1828,1830,1832,1860,1867,1892,1897,1898,1899,1929,1930,1931,1941,1946,1969,1984,2011,2023,2042,2051,2058,2069,2083,2086,2089,2093,2119,2135,2163,2166,2170,2175,2178,2191,2199,2215,2219,2221,2246,2247,2267,2271,2278,2285,2311,2315,2321,2376,2385,2387,2392,2397,2412,2413,2418,2419,2426,2431,2444,2480,2497,2545,2555,2556,2557,2572,2585,2598,2605,2629,2639,2645,2659,2690,2692,2696,2701,2709,2718,2728,2743,2753,2784,2785,2796,2803,2812,2818,2826,2836,2838,2839,2859,2878,2881,2882,2883,2890,2905,2925,2929,2937,2940,2961,2991,2996,2998,3003,3004,3014,3049,3050,3051,3057,3063,3068,3071,3078,3084,3097,3101,3107,3112,3115,3116,3147,3152,3154,3187,3189,3197,3203,3209,3224,3231,3266,3279,3285,3302,3315,3317,3336,3348,3352,3353,3354,3355,3381,3382,3389,3398,3402,3415,3446,3459,3478,3480,3492,3493,3494,3497,3522,3549,3551,3554,3565,3570,3571,3573,3587,3593,3594,3597,3604,3616,3636,3644,3659,3666,3673,3674,3686,3687,3692,3695,3711,3726,3733,3744,3753,3754,3770,3795,3796,3827,3835,3846,3847,3851,3857,3865,3886,3889,3891,3893,3896,3904,3914,3926,3957,3961,3964,3974,3975,3982,3992,3993,3998,4006,4012,4025,4026,4038,4039,4044,4062,4063,4075,4077,4078,4087,4095,4097,4103,4106,4114,4152,4155,4159,4164,4193,4229,4231,4234,4236,4271,4287,4290,4294,4295,4319,4327,4336,4350,4372,4378,4404,4407,4408,4410,4416,4421,4430,4439,4440,4441,4446,4450,4457,4479,4491,4497,4509,4525,4528,4542,4548,4552,4559,4562,4566,4570,4583,4591,4593,4598,4605,4616,4617,4618,4620,4626,4628,4661,4675,4680,4709,4721,4722,4727,4737,4742,4744,4756,4758,4768,4770,4771,4793,4802,4814,4834,4838,4848,4876,4897,4899,4901,4902,4937,4939,4943,4945,4959,4987,4991,4995,5001,5022,5069,5101,5103,5106,5108,5117,5144,5150,5161,5164,5186,5188,5198,5212,5215,5228,5229,5245,5246,5250,5255,5257,5268,5272,5275,5281,5286,5299,5301,5319,5333,5378,5394,5401,5414,5421,5440,5466,5469,5479,5489,5512,5518,5520,5537,5555,5559,5569,5582,5584,5585,5586,5593,5602,5616,5627,5646,5658,5672,5682,5684,5690,5729,5750,5774,5783,5784,5795,5835,5839,5842,5858,5868,5884,5898,5909,5918,5919,5927,5929,5943,5985,6000,6011,6062,6085,6086,6092,6097,6101,6106,6114,6117,6124,6148,6172,6183,6196,6216,6223,6248,6256,6259,6268,6284,6297,6309,6325,6333,6338,6344,6383,6387,6411,6414,6433,6438,6453,6456,6463,6468,6469,6480,6485,6489,6493,6511,6517,6530,6536,6549,6571,6572,6580,6585,6593,6605,6606,6608,6619,6623,6637,6638,6647,6648,6649,6650,6658,6677,6686,6693,6703,6728,6732,6734,6741,6744,6756,6781,6791,6797,6825,6845,6858,6867,6882,6887,6888,6903,6905,6908,6919,6942,6946,6964,6970,6983,7002,7014,7018,7026,7046,7065,7082,7103,7124,7125,7141,7148,7171,7179,7184,7191,7195,7197,7218,7219,7227,7246,7247,7250,7266,7272,7279,7295,7300,7334,7342,7347,7352,7356,7366,7376,7405,7420,7424,7443,7455,7466,7475,7477,7489,7493,7500,7521,7531,7542,7545,7563,7577,7581,7600,7606,7610,7616,7628,7629,7650,7651,7659,7665,7668,7669,7674,7690,7691,7692,7693,7694,7706,7720,7724,7729,7745,7746,7757,7762,7796,7799,7804,7805,7821,7824,7827,7836,7837,7849,7855,7890,7898,7902,7906,7908,7916,7919,7934,7942,7945,7957,7958,7960,7961,7976,7977,7997
6,17,26,40,55,61,70,71,85,87,101,128,140,175,185,209,212,219,252,262,264,265,274,277,293,294,302,305,306,308,321,339,344,357,369,371,374,378,390,398,415,417,420,426,429,433,436,437,443,448,451,463,486,498,522,523,527,528,545,548,561,564,569,572,574,598,602,617,627,630,638,645,655,656,657,671,694,702,707,712,729,761,763,792,799,800,819,834,844,847,861,877,890,906,912,924,947,955,959,960,972,979,992,1000,1015,1026,1034,1035,1045,1046,1050,1056,1057,1070,1072,1077,1078,1086,1104,1129,1131,1145,1197,1201,1203,1214,1220,1228,1266,1279,1292,1297,1301,1313,1337,1350,1368,1377,1388,1392,1398,1418,1424,1429,1431,1434,1444,1452,1454,1459,1465,1505,1518,1540,1558,1571,1574,1581,1588,1589,1605,1618,1636,1669,1675,1679,1685,1694,1701,1729,1733,1760,1770,1771,1779,1781,1789,1793,1824,1834,1847,1848,1852,1853,1859,1861,1868,1869,1881,1886,1894,1905,1916,1934,1945,1949,1951,1956,1982,1988,1994,2007,2015,2018,2043,2056,2065,2067,2092,2094,2098,2101,2106,2111,2116,2129,2133,2140,2143,2147,2159,2173,2188,2197,2198,2201,2208,2226,2229,2236,2238,2244,2262,2297,2317,2334,2336,2337,2343,2356,2359,2360,2363,2372,2375,2382,2401,2405,2421,2422,2424,2425,2433,2447,2448,2471,2508,2515,2517,2520,2543,2565,2568,2595,2600,2606,2613,2619,2623,2644,2651,2656,2662,2671,2673,2675,2676,2682,2715,2726,2729,2751,2754,2761,2780,2799,2801,2806,2825,2834,2867,2877,2887,2888,2889,2903,2918,2944,2974,3002,3007,3032,3060,3066,3117,3130,3133,3136,3158,3160,3163,3169,3170,3173,3175,3183,3214,3222,3223,3239,3243,3258,3260,3280,3297,3311,3316,3320,3328,3338,3362,3374,3379,3386,3431,3434,3436,3437,3445,3457,3458,3460,3466,3470,3481,3496,3510,3527,3528,3533,3553,3557,3569,3575,3576,3579,3581,3586,3611,3620,3621,3625,3628,3660,3662,3667,3669,3675,3683,3719,3721,3741,3759,3762,3782,3791,3793,3798,3799,3806,3807,3810,3817,3818,3822,3824,3826,3848,3859,3867,3883,3898,3905,3910,3916,3977,3981,3999,4024,4033,4040,4061,4092,4120,4122,4149,4158,4163,4169,4170,4173,4191,4201,4209,4211,4213,4219,4224,4230,4239,4254,4259,4289,4299,4300,4316,4317,4322,4328,4331,4335,4342,4349,4352,4369,4413,4418,4422,4435,4454,4472,4486,4490,4507,4508,4518,4529,4534,4535,4544,4560,4563,4595,4622,4630,4634,4641,4643,4653,4659,4666,4670,4683,4704,4726,4733,4735,4749,4763,4765,4782,4792,4803,4807,4811,4813,4830,4831,4845,4851,4853,4866,4869,4882,4890,4920,4940,4949,4957,4974,4978,4996,4997,5003,5013,5018,5031,5033,5058,5074,5091,5110,5121,5126,5129,5141,5142,5180,5181,5184,5194,5204,5218,5222,5227,5238,5248,5251,5285,5287,5311,5313,5324,5327,5332,5337,5342,5357,5363,5368,5385,5415,5419,5439,5442,5445,5447,5448,5457,5467,5496,5497,5499,5507,5510,5517,5526,5530,5561,5575,5577,5590,5598,5605,5621,5624,5628,5642,5643,5653,5664,5680,5693,5699,5700,5717,5719,5722,5727,5740,5741,5746,5749,5762,5788,5790,5807,5826,5829,5837,5838,5857,5859,5876,5887,5906,5908,5915,5916,5924,5938,5941,5944,5958,5969,5991,5995,6012,6016,6021,6023,6041,6069,6070,6078,6083,6091,6098,6105,6107,6113,6132,6147,6150,6152,6153,6154,6158,6174,6180,6187,6204,6230,6241,6252,6291,6303,6304,6310,6317,6351,6374,6379,6386,6415,6429,6447,6454,6460,6464,6472,6475,6479,6487,6499,6519,6524,6541,6544,6553,6564,6576,6581,6587,6596,6611,6614,6617,6636,6640,6643,6654,6657,6664,6667,6671,6680,6685,6687,6701,6712,6713,6747,6753,6755,6764,6765,6779,6780,6790,6803,6804,6810,6834,6846,6850,6853,6875,6880,6883,6884,6924,6929,6936,6945,6947,6948,6959,6974,6980,6982,6994,6999,7013,7021,7028,7031,7033,7049,7061,7094,7097,7098,7100,7112,7133,7155,7189,7214,7215,7223,7236,7273,7293,7305,7309,7311,7317,7321,7326,7329,7330,7355,7369,7378,7381,7390,7402,7407,7432,7457,7472,7482,7486,7487,7510,7516,7527,7552,7555,7574,7591,7609,7611,7619,7627,7631,7636,7640,7645,7655,7658,7680,7700,7704,7737,7754,7760,7768,7770,7786,7788,7790,7793,7800,7801,7807,7813,7819,7830,7850,7859,7868,7875,7878,7879,7885,7895,7900,7903,7911,7913,7915,7922,7929,7938,7943,7946,7949,7962
1,2,8,16,33,36,42,44,59,78,98,114,118,122,123,125,133,138,148,149,152,154,155,156,157,165,211,216,226,227,229,238,242,244,245,256,257,283,290,304,311,314,317,337,338,361,375,381,382,399,401,419,423,467,471,477,483,507,510,517,525,541,559,566,583,586,587,589,593,610,625,626,647,674,684,693,715,722,732,738,742,746,747,769,777,784,812,839,850,863,885,886,889,921,933,940,946,951,957,964,969,971,974,985,1010,1043,1055,1083,1087,1101,1107,1112,1132,1143,1147,1165,1173,1174,1191,1195,1199,1207,1242,1247,1248,1250,1259,1276,1280,1285,1300,1316,1326,1334,1356,1362,1366,1371,1380,1382,1390,1394,1399,1425,1426,1428,1442,1445,1464,1488,1491,1492,1514,1529,1546,1547,1548,1566,1596,1600,1603,1611,1617,1654,1665,1673,1695,1699,1700,1702,1709,1711,1719,1731,1744,1749,1773,1790,1795,1796,1801,1809,1833,1837,1839,1855,1878,1909,1928,1943,1944,2000,2006,2045,2053,2057,2060,2088,2091,2109,2112,2126,2141,2154,2161,2182,2189,2206,2207,2254,2263,2265,2266,2274,2275,2281,2306,2312,2316,2324,2328,2341,2365,2366,2390,2391,2393,2398,2406,2407,2415,2434,2449,2454,2459,2463,2478,2481,2491,2502,2504,2510,2519,2522,2527,2529,2538,2550,2552,2564,2569,2571,2577,2587,2592,2597,2602,2607,2628,2652,2655,2680,2684,2685,2689,2691,2698,2730,2737,2740,2745,2752,2769,2771,2776,2781,2787,2790,2800,2844,2852,2861,2872,2886,2892,2923,2931,2938,2943,2945,2965,2985,2989,3005,3015,3018,3037,3038,3040,3041,3048,3054,3055,3061,3076,3091,3108,3120,3127,3150,3153,3157,3165,3167,3176,3181,3185,3186,3208,3219,3236,3241,3259,3261,3271,3275,3284,3286,3289,3313,3314,3318,3321,3324,3326,3330,3347,3397,3412,3420,3423,3452,3454,3467,3488,3520,3534,3538,3559,3567,3568,3607,3622,3634,3656,3658,3678,3681,3688,3694,3697,3699,3708,3712,3723,3732,3735,3738,3745,3749,3756,3758,3766,3774,3775,3776,3783,3785,3786,3792,3813,3838,3839,3855,3862,3872,3881,3890,3908,3920,3921,3924,3930,3935,3939,3940,3963,3973,3989,4000,4014,4016,4030,4035,4049,4067,4079,4084,4088,4101,4102,4110,4133,4137,4154,4174,4176,4200,4225,4232,4248,4249,4264,4273,4274,4275,4284,4318,4346,4351,4360,4368,4373,4384,4385,4391,4403,4417,4426,4428,4433,4451,4460,4463,4473,4484,4492,4495,4515,4520,4523,4532,4537,4541,4551,4557,4579,4587,4611,4624,4640,4655,4664,4668,4669,4676,4682,4724,4734,4738,4745,4772,4775,4783,4804,4805,4837,4849,4855,4858,4861,4872,4881,4884,4888,4900,4921,4923,4928,4936,4954,4955,4993,5020,5027,5029,5032,5039,5040,5053,5059,5060,5063,5083,5095,5098,5102,5105,5107,5120,5138,5157,5192,5193,5203,5232,5236,5264,5266,5269,5270,5280,5282,5289,5308,5312,5321,5348,5350,5353,5360,5364,5366,5377,5382,5388,5390,5403,5411,5444,5462,5468,5475,5482,5485,5486,5491,5492,5494,5500,5502,5503,5504,5523,5527,5529,5535,5553,5574,5587,5591,5601,5607,5613,5619,5637,5638,5692,5701,5733,5735,5738,5753,5754,5765,5785,5828,5836,5852,5854,5863,5869,5882,5885,5890,5892,5905,5910,5913,5914,5922,5926,5928,5933,5955,5963,5978,5981,5982,5984,5994,6010,6013,6025,6046,6048,6061,6065,6068,6093,6094,6099,6119,6123,6134,6138,6175,6178,6185,6188,6189,6194,6200,6211,6220,6226,6228,6229,6238,6267,6272,6274,6282,6298,6299,6328,6343,6352,6363,6364,6372,6376,6404,6410,6416,6419,6426,6427,6431,6434,6437,6451,6490,6500,6509,6510,6514,6523,6525,6538,6546,6554,6570,6582,6584,6633,6642,6645,6660,6679,6684,6717,6737,6742,6766,6769,6770,6784,6789,6794,6801,6806,6807,6812,6842,6843,6859,6861,6862,6871,6889,6891,6896,6899,6910,6915,6920,6941,6950,6957,6965,6969,6990,7003,7038,7042,7056,7066,7076,7090,7099,7105,7120,7132,7140,7183,7188,7200,7203,7207,7213,7233,7251,7258,7270,7302,7331,7341,7349,7358,7379,7383,7391,7393,7413,7415,7444,7445,7450,7459,7462,7464,7468,7490,7499,7507,7508,7509,7512,7515,7518,7528,7535,7538,7550,7553,7572,7576,7579,7583,7588,7595,7605,7641,7649,7686,7707,7709,7713,7715,7723,7744,7751,7765,7767,7775,7787,7792,7794,7798,7810,7832,7841,7848,7857,7858,7874,7896,7924,7926,7927,7930,7933,7947,7956,7967,7968,7974,7991,7998
12,25,27,47,52,62,72,76,83,93,109,139,147,159,161,162,173,179,181,188,204,210,221,222,241,243,251,255,266,271,296,312,329,336,340,349,358,365,366,368,372,385,386,387,391,396,405,408,427,439,446,457,461,468,478,482,488,503,521,533,550,551,560,576,577,578,588,596,601,605,623,624,628,631,642,665,687,691,725,731,735,744,778,826,867,869,874,895,904,905,932,941,943,962,966,968,977,984,988,995,1003,1004,1016,1018,1027,1041,1067,1091,1094,1113,1114,1124,1142,1149,1168,1205,1208,1209,1221,1225,1253,1256,1262,1272,1284,1287,1288,1312,1318,1325,1330,1396,1407,1410,1411,1419,1437,1440,1443,1449,1471,1477,1478,1480,1481,1496,1499,1503,1510,1512,1517,1532,1541,1549,1556,1583,1585,1607,1613,1614,1622,1632,1639,1650,1674,1682,1689,1697,1706,1710,1720,1723,1738,1747,1762,1780,1783,1791,1800,1804,1806,1815,1842,1879,1885,1904,1906,1908,1910,1924,1927,1932,1940,1947,1952,1955,1957,1965,1970,2004,2022,2027,2034,2036,2048,2054,2078,2087,2131,2139,2148,2168,2174,2196,2203,2204,2205,2211,2223,2225,2230,2232,2241,2276,2292,2294,2304,2305,2307,2310,2322,2332,2339,2377,2379,2381,2408,2450,2464,2465,2483,2489,2501,2505,2507,2521,2535,2553,2579,2582,2589,2615,2616,2634,2635,2636,2637,2661,2666,2668,2683,2686,2693,2711,2716,2723,2733,2736,2766,2767,2774,2788,2795,2797,2817,2827,2858,2871,2894,2896,2901,2907,2910,2930,2936,2954,2957,2964,2967,2981,2983,2990,3008,3011,3023,3029,3031,3033,3034,3053,3056,3065,3079,3088,3092,3093,3100,3111,3121,3128,3143,3162,3171,3177,3191,3193,3199,3211,3237,3238,3247,3253,3255,3262,3263,3268,3274,3276,3281,3305,3306,3327,3335,3349,3351,3363,3364,3371,3372,3378,3396,3406,3432,3435,3442,3444,3451,3456,3461,3464,3469,3491,3500,3512,3531,3540,3543,3564,3583,3588,3592,3600,3605,3612,3613,3617,3623,3627,3635,3641,3646,3648,3654,3717,3765,3768,3769,3802,3805,3814,3819,3820,3833,3844,3860,3864,3888,3933,3938,3942,3946,3971,3978,3985,3996,4011,4021,4027,4031,4036,4043,4064,4065,4069,4071,4080,4083,4091,4099,4104,4109,4111,4115,4125,4131,4134,4145,4151,4177,4178,4179,4180,4188,4206,4207,4220,4245,4255,4266,4301,4311,4330,4363,4367,4370,4390,4406,4434,4437,4496,4503,4505,4512,4516,4522,4554,4564,4568,4590,4606,4607,4610,4613,4627,4644,4657,4660,4665,4671,4695,4702,4716,4723,4728,4729,4743,4753,4762,4794,4808,4812,4816,4829,4843,4844,4850,4867,4905,4907,4910,4916,4925,4932,4933,4958,4971,4979,5007,5041,5047,5049,5050,5052,5055,5067,5075,5084,5085,5094,5099,5114,5119,5128,5133,5134,5151,5152,5182,5187,5189,5195,5200,5205,5213,5224,5226,5279,5283,5284,5291,5294,5320,5330,5338,5341,5344,5345,5355,5365,5369,5409,5423,5433,5446,5463,5465,5473,5483,5487,5498,5508,5509,5516,5531,5536,5542,5550,5554,5560,5581,5600,5603,5615,5618,5622,5631,5632,5644,5649,5662,5667,5674,5681,5713,5716,5718,5723,5751,5759,5763,5771,5776,5778,5779,5780,5799,5803,5808,5814,5819,5843,5888,5923,5936,5940,5942,5945,5949,5953,5957,5980,6018,6022,6032,6040,6042,6043,6044,6053,6055,6058,6072,6074,6079,6125,6133,6149,6166,6169,6177,6190,6203,6207,6246,6253,6264,6280,6281,6289,6293,6294,6300,6306,6334,6335,6346,6347,6349,6350,6353,6357,6373,6375,6385,6398,6423,6442,6443,6465,6476,6484,6495,6501,6527,6540,6542,6548,6559,6562,6569,6573,6575,6590,6591,6600,6610,6629,6631,6652,6653,6695,6697,6709,6716,6730,6738,6739,6745,6749,6761,6787,6800,6805,6820,6826,6833,6857,6864,6874,6885,6893,6898,6909,6914,6916,6927,6935,6938,6966,6975,6993,6995,6997,7019,7027,7029,7036,7050,7052,7067,7095,7096,7104,7109,7110,7119,7134,7138,7142,7146,7165,7173,7176,7185,7201,7202,7208,7221,7230,7231,7232,7249,7281,7283,7287,7294,7306,7314,7315,7324,7328,7332,7384,7385,7387,7388,7400,7419,7451,7458,7495,7497,7504,7514,7526,7543,7547,7548,7551,7556,7559,7560,7568,7569,7570,7585,7589,7599,7617,7632,7646,7647,7657,7664,7666,7697,7698,7716,7721,7733,7748,7755,7771,7772,7785,7797,7812,7816,7831,7838,7843,7853,7856,7861,7877,7880,7882,7886,7901,7907,7918,7939,7952,7965,7969,7975,7980,7981,7990,7994
4,5,24,51,56,57,66,79,100,119,127,144,151,158,163,177,180,182,195,201,217,230,235,236,239,269,285,292,300,307,310,326,332,362,363,364,409,410,425,438,450,452,476,490,505,506,526,540,544,563,567,568,646,649,658,660,663,666,685,686,689,697,710,711,713,716,723,727,730,739,767,770,795,807,808,813,830,838,841,846,857,881,913,917,922,927,949,954,956,970,975,982,983,1005,1013,1014,1028,1029,1038,1049,1052,1074,1088,1100,1116,1120,1122,1126,1138,1139,1144,1151,1166,1192,1200,1215,1217,1224,1235,1246,1251,1267,1269,1270,1304,1306,1314,1335,1341,1344,1349,1361,1370,1374,1375,1384,1393,1397,1402,1405,1415,1433,1448,1455,1458,1462,1463,1476,1483,1485,1486,1487,1489,1542,1554,1564,1568,1576,1586,1598,1621,1623,1627,1648,1649,1651,1652,1656,1663,1686,1690,1716,1756,1757,1761,1768,1778,1788,1792,1802,1811,1844,1850,1857,1863,1866,1870,1873,1874,1914,1922,1923,1926,1939,1948,1966,1978,1985,2008,2010,2019,2024,2026,2028,2035,2041,2072,2075,2082,2090,2105,2107,2108,2120,2124,2138,2142,2155,2162,2176,2193,2194,2213,2214,2222,2282,2283,2303,2314,2323,2325,2329,2330,2344,2345,2349,2353,2364,2370,2389,2396,2404,2410,2417,2430,2442,2443,2455,2461,2476,2509,2513,2514,2516,2524,2525,2532,2539,2541,2561,2562,2563,2570,2590,2624,2640,2669,2670,2687,2688,2702,2707,2708,2713,2746,2775,2789,2792,2798,2805,2807,2810,2811,2813,2814,2819,2820,2821,2822,2843,2845,2857,2863,2868,2870,2885,2898,2914,2915,2926,2952,2959,2969,2970,2975,3006,3012,3013,3019,3020,3027,3042,3058,3075,3083,3098,3099,3110,3124,3129,3134,3144,3146,3155,3156,3161,3196,3200,3206,3216,3217,3242,3254,3298,3322,3334,3350,3356,3359,3373,3388,3394,3399,3409,3410,3417,3418,3422,3426,3462,3473,3490,3502,3506,3509,3561,3582,3585,3596,3626,3632,3640,3642,3650,3653,3655,3661,3700,3710,3725,3727,3747,3750,3764,3773,3779,3781,3828,3871,3875,3879,3907,3941,3947,3960,3968,3970,3997,4018,4020,4029,4041,4045,4058,4066,4070,4073,4082,4085,4107,4108,4121,4123,4129,4142,4143,4226,4262,4269,4280,4297,4298,4321,4337,4353,4379,4386,4395,4409,4411,4424,4429,4447,4453,4458,4464,4474,4478,4485,4502,4506,4521,4539,4547,4549,4558,4584,4594,4596,4603,4608,4609,4612,4625,4631,4648,4649,4687,4688,4690,4700,4708,4710,4713,4714,4747,4759,4760,4761,4764,4766,4769,4778,4801,4815,4817,4827,4832,4839,4874,4878,4896,4903,4922,4930,4947,4948,4950,4960,4962,4982,4988,5006,5037,5046,5054,5064,5071,5072,5088,5089,5092,5104,5112,5115,5116,5122,5130,5131,5132,5156,5172,5173,5214,5237,5240,5249,5253,5292,5306,5318,5329,5331,5371,5374,5392,5399,5400,5410,5424,5425,5427,5432,5460,5461,5474,5480,5506,5514,5515,5521,5532,5551,5576,5578,5589,5592,5594,5636,5640,5641,5657,5661,5668,5669,5673,5675,5676,5695,5715,5728,5731,5736,5737,5743,5748,5760,5764,5794,5804,5806,5809,5810,5816,5817,5820,5821,5833,5846,5850,5867,5871,5881,5889,5900,5901,5960,5964,5966,5970,6003,6005,6008,6014,6019,6031,6034,6045,6056,6057,6063,6075,6080,6084,6102,6110,6115,6116,6144,6146,6151,6164,6210,6212,6213,6219,6233,6245,6255,6257,6266,6279,6283,6290,6305,6307,6313,6322,6341,6382,6401,6403,6407,6413,6420,6459,6461,6466,6474,6477,6478,6483,6492,6507,6508,6515,6516,6526,6535,6537,6547,6558,6566,6568,6579,6583,6586,6595,6601,6612,6620,6622,6624,6627,6634,6646,6683,6698,6699,6711,6719,6722,6724,6729,6731,6736,6748,6751,6752,6757,6760,6771,6774,6786,6808,6817,6823,6830,6838,6860,6865,6873,6886,6895,6897,6902,6904,6912,6917,6921,6925,6976,6987,7001,7030,7034,7035,7037,7040,7047,7053,7084,7087,7088,7116,7130,7131,7144,7162,7164,7168,7169,7170,7174,7181,7186,7205,7216,7222,7235,7242,7248,7252,7255,7257,7260,7262,7263,7267,7271,7274,7282,7291,7310,7320,7322,7333,7337,7354,7359,7360,7394,7395,7399,7414,7422,7430,7435,7439,7442,7460,7476,7491,7517,7532,7534,7564,7571,7575,7586,7593,7601,7604,7614,7623,7624,7625,7630,7633,7642,7652,7660,7662,7673,7683,7684,7687,7688,7699,7703,7719,7761,7766,7774,7781,7803,7809,7811,7818,7862,7872,7889,7905,7921,7923,7936,7954,7964,7966,7996
15,22,23,45,49,64,77,91,99,103,113,126,135,143,164,167,178,190,191,196,199,208,213,215,224,228,231,240,248,249,250,259,270,291,309,313,327,328,331,341,342,345,348,389,403,418,421,445,487,495,514,546,571,579,584,594,599,609,654,667,675,709,721,733,736,749,758,760,788,789,794,809,823,860,862,868,879,891,900,901,907,910,914,915,916,923,926,929,934,952,993,996,1002,1008,1012,1019,1020,1036,1044,1048,1060,1061,1065,1075,1080,1082,1109,1117,1121,1125,1148,1150,1164,1167,1175,1176,1180,1198,1223,1230,1245,1260,1275,1281,1308,1309,1320,1322,1324,1329,1367,1381,1391,1401,1417,1430,1457,1460,1467,1468,1473,1479,1494,1507,1509,1516,1523,1526,1539,1560,1563,1573,1591,1594,1599,1609,1619,1626,1629,1635,1646,1655,1657,1666,1678,1681,1692,1698,1707,1739,1743,1751,1753,1766,1777,1787,1816,1843,1856,1858,1884,1889,1893,1900,1912,1919,1920,1950,1959,1979,1993,1995,1996,2003,2021,2037,2046,2052,2062,2068,2085,2104,2113,2115,2117,2123,2144,2152,2153,2157,2158,2164,2167,2183,2185,2192,2212,2216,2227,2233,2240,2250,2258,2259,2268,2270,2280,2301,2302,2326,2333,2340,2347,2352,2369,2378,2414,2436,2438,2439,2452,2456,2493,2495,2498,2526,2536,2546,2548,2566,2574,2580,2586,2594,2603,2608,2610,2625,2630,2643,2648,2663,2703,2704,2710,2712,2714,2720,2741,2744,2762,2763,2768,2779,2793,2802,2823,2828,2829,2830,2832,2837,2869,2884,2897,2911,2912,2913,2920,2935,2948,2953,2962,2966,2982,2988,3017,3021,3039,3043,3046,3081,3082,3089,3094,3102,3113,3125,3139,3178,3198,3204,3218,3220,3225,3226,3252,3272,3273,3287,3290,3295,3300,3309,3319,3329,3332,3341,3342,3358,3361,3367,3368,3383,3387,3391,3407,3425,3430,3483,3484,3489,3495,3518,3521,3530,3552,3560,3562,3574,3584,3602,3684,3689,3693,3704,3705,3716,3718,3729,3739,3740,3743,3748,3755,3757,3761,3772,3809,3812,3831,3858,3870,3877,3894,3899,3900,3909,3937,3951,3958,3967,3984,4002,4005,4010,4019,4028,4032,4089,4100,4118,4127,4136,4138,4140,4148,4166,4171,4185,4186,4192,4195,4197,4205,4210,4222,4240,4260,4261,4263,4278,4282,4285,4304,4306,4308,4315,4324,4345,4359,4361,4383,4393,4394,4396,4399,4414,4436,4448,4456,4461,4466,4481,4500,4501,4510,4536,4553,4556,4565,4567,4575,4580,4602,4619,4623,4632,4635,4638,4647,4677,4679,4685,4692,4693,4694,4699,4711,4732,4736,4784,4789,4790,4797,4809,4818,4822,4840,4841,4842,4856,4860,4865,4868,4870,4875,4879,4880,4891,4892,4918,4931,4941,4970,4977,4981,4983,4989,4990,4992,5014,5015,5017,5021,5026,5036,5056,5070,5076,5078,5081,5090,5096,5123,5125,5153,5162,5163,5171,5174,5176,5183,5199,5208,5216,5221,5242,5252,5254,5267,5290,5317,5323,5343,5349,5356,5358,5373,5375,5379,5380,5383,5384,5398,5406,5412,5413,5420,5438,5450,5456,5476,5477,5501,5511,5534,5543,5544,5547,5558,5562,5564,5565,5566,5567,5573,5595,5599,5623,5625,5629,5630,5656,5663,5671,5688,5704,5705,5706,5709,5730,5752,5761,5777,5781,5786,5787,5792,5805,5812,5813,5834,5840,5841,5847,5851,5875,5895,5925,5930,5931,5932,5935,5946,5952,5965,5989,6004,6024,6028,6036,6052,6076,6082,6103,6108,6129,6135,6137,6159,6162,6167,6191,6195,6205,6214,6232,6251,6260,6271,6288,6296,6311,6323,6332,6337,6356,6358,6359,6369,6371,6388,6389,6397,6402,6409,6424,6435,6449,6457,6467,6471,6491,6496,6505,6520,6534,6565,6604,6615,6616,6625,6630,6651,6663,6669,6673,6674,6688,6692,6706,6718,6721,6723,6727,6733,6735,6743,6750,6754,6762,6775,6778,6788,6792,6799,6819,6836,6837,6844,6848,6849,6872,6878,6934,6937,6944,6953,6958,6961,6963,6971,6986,6998,7004,7015,7051,7058,7062,7069,7071,7081,7085,7091,7108,7113,7121,7123,7149,7151,7161,7182,7204,7217,7228,7229,7243,7259,7261,7264,7278,7284,7285,7289,7297,7298,7313,7318,7343,7350,7392,7396,7398,7416,7425,7428,7440,7446,7452,7456,7469,7473,7479,7480,7481,7492,7501,7502,7503,7505,7506,7519,7530,7537,7546,7554,7557,7565,7567,7584,7594,7597,7607,7608,7620,7634,7635,7638,7654,7670,7676,7682,7695,7696,7705,7718,7722,7727,7736,7743,7756,7763,7828,7829,7834,7839,7842,7847,7852,7860,7867,7891,7928,7941,7944,7973,7979,7983,7988
11,38,48,73,74,75,82,84,90,97,105,111,131,137,145,150,160,172,184,192,197,198,200,246,260,279,280,288,297,335,343,350,351,352,355,367,379,392,393,413,465,472,473,475,479,499,518,519,529,539,555,573,604,607,611,613,619,622,629,634,641,659,678,699,704,720,734,740,755,787,793,798,801,811,818,820,827,836,840,849,873,897,899,902,919,939,980,1009,1011,1030,1040,1085,1089,1095,1105,1135,1141,1146,1157,1158,1160,1162,1163,1170,1172,1179,1181,1206,1216,1226,1232,1244,1254,1255,1264,1271,1283,1296,1307,1310,1319,1338,1339,1343,1345,1353,1365,1372,1373,1395,1450,1482,1490,1493,1513,1515,1520,1522,1530,1531,1536,1565,1572,1582,1592,1624,1638,1640,1645,1647,1693,1703,1712,1713,1718,1722,1728,1730,1735,1736,1740,1764,1765,1769,1775,1782,1794,1819,1820,1822,1825,1838,1864,1865,1871,1902,1903,1915,1921,1933,1953,1961,1964,1975,1976,1977,1989,1992,2017,2025,2032,2050,2055,2061,2076,2097,2099,2110,2114,2125,2127,2132,2134,2181,2209,2243,2252,2253,2255,2260,2279,2284,2290,2308,2309,2318,2319,2320,2342,2354,2358,2368,2371,2409,2420,2429,2446,2462,2469,2473,2475,2484,2490,2499,2533,2558,2559,2560,2573,2576,2596,2599,2622,2638,2646,2657,2658,2664,2678,2681,2694,2706,2717,2721,2727,2734,2759,2808,2816,2840,2841,2847,2850,2873,2875,2876,2879,2893,2902,2904,2919,2922,2927,2928,2934,2950,2955,2968,2971,2972,2976,2977,2986,2995,3009,3022,3036,3044,3045,3096,3118,3132,3141,3168,3174,3192,3194,3195,3201,3215,3221,3228,3229,3230,3244,3246,3248,3251,3257,3278,3288,3291,3308,3310,3325,3331,3340,3365,3366,3375,3377,3404,3405,3408,3414,3424,3428,3447,3448,3463,3465,3468,3482,3485,3498,3499,3503,3513,3515,3516,3523,3524,3529,3537,3547,3548,3566,3595,3598,3599,3603,3609,3614,3633,3639,3664,3680,3690,3701,3702,3707,3724,3728,3736,3746,3751,3760,3763,3777,3803,3804,3823,3830,3836,3845,3853,3887,3895,3897,3912,3922,3925,3931,3943,3944,3948,3952,3956,3972,3976,3980,3983,3995,4008,4015,4017,4047,4076,4112,4146,4147,4157,4168,4181,4183,4187,4198,4203,4215,4218,4227,4237,4241,4244,4251,4252,4256,4268,4270,4272,4276,4291,4293,4320,4323,4333,4334,4347,4375,4388,4392,4402,4405,4415,4420,4432,4455,4462,4465,4489,4498,4526,4533,4538,4540,4546,4550,4572,4578,4582,4586,4592,4614,4636,4651,4656,4658,4662,4672,4696,4707,4712,4715,4752,4785,4821,4826,4828,4852,4854,4864,4871,4908,4911,4919,4926,4934,4935,4969,4975,4976,5000,5004,5009,5019,5023,5024,5025,5051,5062,5073,5079,5080,5082,5097,5100,5145,5146,5154,5155,5165,5196,5239,5258,5260,5263,5274,5278,5288,5293,5300,5304,5305,5310,5325,5328,5335,5351,5354,5361,5370,5372,5389,5393,5404,5417,5426,5430,5443,5452,5454,5455,5459,5471,5472,5484,5488,5493,5495,5528,5541,5570,5583,5620,5647,5650,5651,5660,5665,5670,5679,5687,5689,5707,5708,5726,5742,5744,5745,5756,5766,5770,5772,5801,5823,5827,5862,5872,5878,5883,5899,5904,5921,5939,5956,5961,5962,5971,5983,5992,6002,6006,6007,6038,6039,6047,6050,6066,6088,6089,6100,6104,6128,6139,6141,6156,6161,6165,6179,6181,6201,6206,6209,6222,6224,6237,6240,6249,6254,6258,6261,6263,6277,6312,6314,6318,6319,6327,6331,6340,6342,6355,6370,6377,6378,6384,6390,6391,6392,6393,6399,6408,6412,6417,6421,6422,6425,6439,6441,6445,6452,6473,6497,6503,6506,6512,6522,6561,6567,6598,6621,6626,6632,6635,6662,6668,6672,6675,6689,6696,6708,6714,6720,6759,6763,6772,6773,6776,6814,6818,6821,6827,6831,6835,6839,6840,6847,6854,6863,6866,6876,6877,6894,6901,6911,6922,6932,6949,6954,6956,6967,6968,6972,6979,6981,6984,6985,7000,7010,7011,7012,7039,7048,7057,7064,7075,7079,7086,7093,7101,7107,7117,7118,7136,7143,7145,7150,7156,7157,7159,7172,7177,7193,7199,7234,7237,7241,7253,7254,7288,7292,7299,7303,7307,7312,7319,7325,7327,7338,7344,7348,7357,7363,7368,7373,7375,7397,7403,7409,7410,7418,7421,7426,7427,7431,7433,7436,7441,7447,7467,7483,7488,7496,7533,7536,7540,7573,7578,7612,7621,7639,7661,7671,7701,7702,7739,7741,7778,7779,7783,7795,7808,7820,7826,7851,7863,7864,7865,7871,7876,7888,7897,7904,7910,7914,7917,7920,7925,7951,7970
14,19,28,29,31,35,37,53,65,80,86,94,96,102,107,115,132,134,141,142,166,171,234,237,247,263,284,295,298,315,316,320,323,324,334,360,373,376,395,411,435,454,456,460,464,474,481,485,491,494,500,511,515,530,531,532,543,552,553,570,580,592,600,612,615,616,618,632,636,644,650,672,682,705,714,718,743,750,753,771,775,779,781,791,804,816,829,831,837,852,875,896,903,909,911,920,925,953,961,989,994,998,999,1001,1007,1024,1025,1039,1042,1054,1058,1059,1062,1079,1097,1099,1103,1115,1127,1155,1178,1187,1188,1194,1204,1218,1219,1234,1238,1240,1241,1243,1257,1263,1265,1282,1290,1293,1294,1299,1315,1321,1336,1346,1360,1383,1389,1412,1436,1438,1446,1453,1474,1475,1500,1519,1524,1534,1551,1552,1559,1575,1580,1606,1610,1620,1630,1634,1637,1644,1653,1659,1660,1667,1677,1684,1714,1715,1774,1786,1808,1818,1835,1846,1849,1851,1862,1896,1911,1917,1918,1925,1938,1954,1963,1971,1981,1986,1991,1997,2005,2013,2016,2033,2038,2070,2071,2079,2084,2095,2102,2121,2130,2136,2145,2150,2165,2169,2172,2180,2187,2190,2200,2217,2224,2235,2245,2249,2269,2272,2288,2291,2293,2295,2296,2327,2331,2338,2348,2351,2362,2373,2384,2388,2394,2411,2423,2435,2437,2440,2451,2453,2457,2458,2470,2477,2479,2482,2492,2494,2496,2503,2511,2518,2523,2530,2534,2537,2544,2547,2549,2554,2575,2591,2611,2617,2618,2621,2633,2641,2653,2660,2665,2699,2700,2705,2719,2724,2742,2748,2755,2765,2782,2786,2794,2809,2831,2842,2848,2853,2855,2860,2862,2880,2891,2900,2908,2916,2924,2941,2942,2958,2973,2978,2987,2992,2993,2994,2999,3000,3016,3026,3035,3067,3069,3077,3103,3105,3114,3119,3123,3126,3131,3135,3142,3166,3179,3180,3184,3188,3190,3250,3264,3277,3282,3303,3333,3339,3343,3360,3370,3380,3413,3419,3421,3429,3439,3440,3449,3475,3476,3479,3487,3501,3505,3508,3511,3526,3535,3536,3539,3541,3542,3546,3550,3563,3572,3578,3580,3601,3606,3610,3615,3629,3631,3637,3670,3671,3679,3682,3685,3698,3706,3713,3720,3730,3771,3778,3787,3790,3808,3815,3829,3832,3834,3843,3863,3869,3874,3876,3882,3892,3902,3913,3923,3945,3954,3955,3962,3966,3988,3994,4007,4055,4057,4068,4074,4090,4105,4116,4128,4132,4139,4141,4156,4161,4175,4182,4189,4214,4217,4221,4228,4238,4258,4265,4292,4296,4302,4309,4312,4313,4340,4344,4354,4355,4357,4358,4371,4377,4380,4387,4400,4427,4445,4449,4459,4468,4469,4475,4487,4494,4504,4513,4524,4543,4569,4573,4581,4585,4588,4589,4600,4604,4615,4633,4650,4673,4689,4705,4720,4739,4740,4741,4748,4767,4779,4786,4795,4798,4799,4800,4825,4836,4847,4883,4886,4889,4895,4906,4909,4912,4913,4924,4938,4951,4961,4966,4968,4980,4984,4994,4998,5030,5035,5045,5048,5068,5087,5113,5124,5127,5135,5137,5140,5143,5158,5166,5178,5197,5210,5220,5223,5235,5244,5247,5262,5273,5277,5303,5315,5336,5339,5340,5381,5397,5428,5429,5441,5449,5451,5464,5470,5478,5481,5519,5533,5538,5539,5546,5556,5568,5572,5596,5608,5609,5610,5612,5626,5634,5635,5645,5654,5655,5678,5696,5698,5711,5714,5725,5732,5734,5757,5758,5769,5775,5791,5793,5797,5822,5832,5855,5866,5870,5874,5891,5893,5894,5917,5920,5972,5974,5988,5990,5996,5997,5999,6001,6015,6020,6029,6051,6054,6059,6064,6071,6073,6081,6095,6096,6109,6111,6112,6121,6122,6127,6131,6136,6142,6186,6197,6198,6215,6218,6221,6231,6234,6235,6239,6243,6244,6250,6270,6276,6287,6301,6302,6308,6315,6320,6330,6361,6362,6367,6394,6396,6428,6436,6440,6446,6450,6458,6486,6504,6518,6521,6539,6555,6560,6563,6578,6592,6594,6597,6609,6641,6644,6655,6656,6659,6661,6665,6670,6682,6710,6715,6726,6746,6816,6822,6841,6851,6856,6868,6869,6890,6892,6900,6907,6931,6939,6951,6973,6977,6978,6988,7005,7007,7008,7009,7024,7043,7045,7055,7068,7072,7078,7102,7128,7137,7160,7175,7178,7192,7196,7210,7211,7220,7240,7265,7268,7276,7296,7308,7323,7336,7353,7367,7372,7380,7386,7389,7401,7438,7465,7470,7485,7511,7520,7523,7524,7529,7541,7562,7566,7580,7592,7598,7602,7637,7648,7653,7656,7685,7710,7711,7725,7728,7730,7732,7734,7735,7747,7749,7759,7764,7769,7784,7815,7817,7822,7833,7840,7854,7884,7887,7935,7985,7989,7995
0,3,18,20,34,41,43,54,68,95,104,108,116,117,129,168,183,193,207,214,220,225,254,261,268,273,276,278,299,303,318,322,325,330,333,353,359,380,384,400,402,404,406,416,422,428,431,432,442,447,455,458,469,480,489,502,504,508,513,524,536,554,556,565,582,585,614,621,633,635,640,651,669,683,688,692,696,700,708,737,751,756,768,774,782,786,805,821,822,825,832,842,855,856,859,865,876,892,898,935,936,942,944,945,958,963,967,981,997,1017,1023,1033,1037,1047,1073,1081,1084,1090,1096,1118,1119,1128,1130,1137,1169,1183,1184,1193,1196,1211,1212,1229,1236,1273,1274,1278,1289,1291,1295,1298,1302,1311,1317,1354,1357,1359,1378,1385,1386,1387,1408,1409,1414,1416,1420,1421,1422,1423,1435,1439,1441,1447,1456,1461,1498,1508,1525,1533,1543,1544,1545,1562,1570,1593,1597,1601,1608,1612,1628,1631,1633,1643,1670,1680,1683,1688,1696,1705,1726,1727,1734,1741,1745,1752,1758,1759,1772,1810,1812,1814,1829,1831,1845,1882,1887,1888,1890,1901,1907,1913,1935,1936,1937,1958,1962,1967,1972,1980,1990,1999,2001,2031,2047,2059,2063,2064,2073,2077,2081,2118,2122,2146,2149,2151,2160,2179,2184,2186,2195,2210,2218,2231,2234,2239,2248,2256,2261,2264,2273,2299,2335,2355,2357,2367,2374,2383,2386,2395,2399,2416,2428,2445,2460,2466,2472,2485,2487,2488,2512,2531,2551,2578,2593,2612,2620,2626,2627,2632,2650,2674,2679,2722,2731,2732,2738,2739,2749,2750,2758,2760,2770,2777,2783,2791,2815,2833,2835,2866,2899,2909,2917,2921,2932,2947,2949,2951,2960,2963,2979,2980,2984,3001,3010,3024,3025,3028,3030,3047,3052,3064,3072,3086,3095,3104,3106,3109,3122,3140,3145,3148,3149,3151,3164,3172,3202,3227,3233,3234,3249,3265,3267,3269,3270,3292,3293,3299,3301,3312,3337,3344,3345,3369,3384,3395,3416,3433,3443,3453,3455,3471,3477,3486,3507,3514,3519,3525,3532,3555,3558,3577,3590,3619,3652,3657,3668,3672,3677,3691,3696,3703,3709,3714,3722,3731,3737,3784,3788,3794,3797,3811,3825,3840,3841,3849,3854,3856,3861,3878,3880,3885,3901,3903,3906,3915,3917,3919,3927,3934,3953,3959,3969,3979,3987,3990,3991,4001,4022,4037,4042,4048,4053,4056,4060,4081,4093,4096,4098,4117,4119,4126,4135,4144,4150,4160,4172,4184,4190,4202,4204,4208,4235,4247,4250,4253,4267,4281,4283,4303,4307,4314,4329,4338,4341,4343,4366,4376,4389,4401,4412,4419,4438,4452,4467,4470,4471,4477,4480,4493,4511,4514,4527,4531,4545,4555,4574,4577,4597,4621,4629,4642,4645,4678,4681,4684,4691,4706,4718,4719,4725,4730,4746,4750,4754,4774,4781,4788,4791,4796,4806,4810,4824,4833,4846,4873,4877,4893,4894,4898,4904,4915,4917,4927,4929,4942,4944,4963,4967,4972,4973,5005,5010,5016,5038,5043,5061,5077,5086,5093,5109,5111,5118,5136,5139,5149,5160,5170,5175,5177,5179,5185,5201,5202,5206,5209,5211,5217,5219,5225,5231,5234,5241,5259,5261,5265,5295,5307,5309,5314,5322,5334,5346,5347,5352,5362,5367,5386,5387,5395,5396,5416,5418,5431,5434,5435,5453,5458,5490,5505,5513,5522,5524,5549,5580,5588,5597,5604,5606,5611,5614,5633,5659,5685,5694,5697,5703,5710,5721,5739,5755,5768,5773,5789,5796,5802,5811,5818,5824,5830,5831,5845,5848,5853,5856,5860,5865,5907,5911,5937,5947,5954,5975,5977,5993,5998,6017,6026,6027,6030,6033,6035,6049,6077,6087,6090,6126,6130,6140,6143,6155,6157,6170,6176,6184,6199,6202,6217,6225,6247,6262,6265,6273,6275,6285,6286,6292,6316,6321,6324,6336,6345,6348,6380,6400,6418,6430,6444,6448,6462,6481,6531,6533,6551,6552,6556,6557,6574,6589,6613,6681,6690,6694,6700,6702,6707,6725,6767,6768,6782,6802,6809,6815,6824,6828,6852,6855,6870,6879,6906,6913,6918,6923,6940,6952,6960,6962,6991,6996,7023,7032,7041,7059,7063,7073,7077,7089,7114,7129,7152,7154,7167,7180,7187,7194,7198,7212,7224,7226,7239,7245,7256,7269,7275,7277,7280,7286,7290,7316,7339,7351,7364,7377,7404,7408,7411,7412,7423,7434,7437,7449,7453,7461,7463,7474,7494,7522,7539,7549,7596,7613,7618,7622,7626,7643,7678,7679,7689,7708,7717,7731,7740,7742,7758,7773,7777,7782,7791,7802,7814,7825,7835,7845,7869,7873,7892,7894,7899,7912,7931,7937,7948,7953,7959,7972,7978,7984,7986,7987,7992,7993,7999
7,9,21,58,67,69,88,89,92,106,121,130,170,174,176,187,206,218,223,232,253,267,272,281,282,286,289,301,346,354,356,370,394,397,412,414,424,430,434,444,449,459,466,470,484,492,497,512,516,534,535,538,542,547,557,558,562,575,590,591,597,606,620,643,648,652,661,662,664,668,670,676,679,681,690,695,701,726,728,745,748,757,759,772,773,776,783,796,802,803,806,810,817,851,858,871,872,882,883,884,888,908,918,931,937,938,976,978,990,1021,1022,1031,1068,1069,1092,1102,1106,1111,1123,1133,1136,1159,1161,1171,1186,1189,1190,1227,1231,1239,1261,1268,1286,1303,1305,1323,1327,1328,1332,1333,1347,1352,1358,1363,1364,1369,1376,1404,1406,1469,1484,1497,1502,1506,1511,1521,1527,1528,1553,1555,1557,1561,1567,1577,1584,1602,1625,1641,1661,1687,1691,1708,1721,1724,1732,1737,1742,1748,1767,1776,1784,1785,1803,1805,1807,1813,1826,1827,1836,1840,1841,1854,1872,1875,1876,1877,1880,1883,1891,1895,1942,1960,1968,1973,1974,1983,1987,1998,2002,2009,2012,2014,2020,2029,2030,2039,2040,2044,2049,2066,2074,2080,2096,2100,2103,2128,2137,2156,2171,2177,2202,2220,2228,2237,2242,2251,2257,2277,2286,2287,2289,2298,2300,2313,2346,2350,2361,2380,2400,2402,2403,2427,2432,2441,2467,2468,2474,2486,2500,2506,2528,2540,2542,2567,2581,2583,2584,2588,2601,2604,2609,2614,2631,2642,2647,2649,2654,2667,2672,2677,2695,2697,2725,2735,2747,2756,2757,2764,2772,2773,2778,2804,2824,2846,2849,2851,2854,2856,2864,2865,2874,2895,2906,2933,2939,2946,2956,2997,3059,3062,3070,3073,3074,3080,3085,3087,3090,3137,3138,3159,3182,3205,3207,3210,3212,3213,3232,3235,3240,3245,3256,3283,3294,3296,3304,3307,3323,3346,3357,3376,3385,3390,3392,3393,3400,3401,3403,3411,3427,3438,3441,3450,3472,3474,3504,3517,3544,3545,3556,3589,3591,3608,3618,3624,3630,3638,3643,3645,3647,3649,3651,3663,3665,3676,3715,3734,3742,3752,3767,3780,3789,3800,3801,3816,3821,3837,3842,3850,3852,3866,3868,3873,3884,3911,3918,3928,3929,3932,3936,3949,3950,3965,3986,4003,4004,4009,4013,4023,4034,4046,4050,4051,4052,4054,4059,4072,4086,4094,4113,4124,4130,4153,4162,4165,4167,4194,4196,4199,4212,4216,4223,4233,4242,4243,4246,4257,4277,4279,4286,4288,4305,4310,4325,4326,4332,4339,4348,4356,4362,4364,4365,4374,4381,4382,4397,4398,4423,4425,4431,4442,4443,4444,4476,4482,4483,4488,4499,4517,4519,4530,4561,4571,4576,4599,4601,4637,4639,4646,4652,4654,4663,4667,4674,4686,4697,4698,4701,4703,4717,4731,4751,4755,4757,4773,4776,4777,4780,4787,4819,4820,4823,4835,4857,4859,4862,4863,4885,4887,4914,4946,4952,4953,4956,4964,4965,4985,4986,4999,5002,5008,5011,5012,5028,5034,5042,5044,5057,5065,5066,5147,5148,5159,5167,5168,5169,5190,5191,5207,5230,5233,5243,5256,5271,5276,5296,5297,5298,5302,5316,5326,5359,5376,5391,5402,5405,5407,5408,5422,5436,5437,5525,5540,5545,5548,5552,5557,5563,5571,5579,5617,5639,5648,5652,5666,5677,5683,5686,5691,5702,5712,5720,5724,5747,5767,5782,5798,5800,5815,5825,5844,5849,5861,5864,5873,5877,5879,5880,5886,5896,5897,5902,5903,5912,5934,5948,5950,5951,5959,5967,5968,5973,5976,5979,5986,5987,6009,6037,6060,6067,6118,6120,6145,6160,6163,6168,6171,6173,6182,6192,6193,6208,6227,6236,6242,6269,6278,6295,6326,6329,6339,6354,6360,6365,6366,6368,6381,6395,6405,6406,6432,6455,6470,6482,6488,6494,6498,6502,6513,6528,6529,6532,6543,6545,6550,6577,6588,6599,6602,6603,6607,6618,6628,6639,6666,6676,6678,6691,6704,6705,6740,6758,6777,6783,6785,6793,6795,6796,6798,6811,6813,6829,6832,6881,6926,6928,6930,6933,6943,6955,6989,6992,7006,7016,7017,7020,7022,7025,7044,7054,7060,7070,7074,7080,7083,7092,7106,7111,7115,7122,7126,7127,7135,7139,7147,7153,7158,7163,7166,7190,7206,7209,7225,7238,7244,7301,7304,7335,7340,7345,7346,7361,7362,7365,7370,7371,7374,7382,7406,7417,7429,7448,7454,7471,7478,7484,7498,7513,7525,7544,7558,7561,7582,7587,7590,7603,7615,7644,7663,7667,7672,7675,7677,7681,7712,7714,7726,7738,7750,7752,7753,7776,7780,7789,7806,7823,7844,7846,7866,7870,7881,7883,7893,7909,7932,7940,7950,7955,7963,7971,7982
10,13,30,32,39,46,50,60,63,81,110,112,120,124,136,146,153,169,186,189,194,5002,5003,5005,5033,5058,5075,5087,5119,5147,5177,5183,5188,5207,5240,5241,5253,5262,5293,5296,5301,5309,5320,5337,5349,5381,5395,5403,5408,5437,5439,5453,5473,5477,5480,5498,5503,5506,5517,5519,5524,5541,5552,5554,5562,5564,5565,5566,5580,5585,5590,5597,5614,5615,5624,5628,5633,5635,5643,5645,5648,5653,5654,5664,5666,5670,5678,5680,5687,5693,5694,5728,5730,5748,5750,5765,5773,5786,5787,5791,5806,5832,5851,5853,5863,5864,5866,5871,5876,5893,5898,5908,5910,5934,5940,5952,5953,5954,5956,5977,5982,5985,6002,6010,6013,6022,6033,6037,6049,6052,6058,6077,6131,6140,6142,6148,6151,6155,6179,6200,6203,6213,6227,6232,6251,6266,6270,6272,6295,6301,6304,6335,6337,6338,6350,6369,6378,6379,6387,6390,6395,6404,6415,6416,6442,6458,6462,6464,6468,6471,6472,6476,6504,6517,6525,6546,6550,6554,6555,6563,6597,6598,6599,6617,6621,6623,6628,6630,6632,6660,6667,6692,6697,6698,6699,6729,6730,6731,6741,6746,6769,6784,6811,6823,6842,6851,6858,6869,6883,6886,6889,6893,6919,6935,6963,6966,6970,6975,6978,6991,6999,7015,7019,7021,7046,7047,7067,7071,7078,7085,7111,7115,7121,7176,7185,7187,7192,7197,7212,7213,7218,7219,7226,7231,7244,7280,7297,7345,7355,7356,7357,7372,7385,7398,7405,7429,7439,7445,7459,7490,7492,7496,7501,7509,7518,7528,7543,7553,7584,7585,7596,7603,7612,7618,7626,7636,7638,7639,7659,7678,7681,7682,7683,7690,7705,7725,7729,7737,7740,7761,7791,7796,7798,7803,7804,7814,7849,7850,7851,7857,7863,7868,7871,7878,7884,7897,7901,7907,7912,7915,7916,7947,7952,7954,7987,7989,7997,8003,8009,8024,8031,8066,8079,8085,8102,8115,8117,8136,8148,8152,8153,8154,8155,8181,8182,8189,8198,8202,8215,8246,8259,8278,8280,8292,8293,8294,8297,8322,8349,8351,8354,8365,8370,8371,8373,8387,8393,8394,8397,8404,8416,8436,8444,8459,8466,8473,8474,8486,8487,8492,8495,8511,8526,8533,8544,8553,8554,8570,8595,8596,8627,8635,8646,8647,8651,8657,8665,8686,8689,8691,8693,8696,8704,8714,8726,8757,8761,8764,8774,8775,8782,8792,8793,8798,206,212,225,226,238,239,244,262,263,275,277,278,287,295,297,303,306,314,352,355,359,364,393,429,431,434,436,471,487,490,494,495,519,527,536,550,572,578,604,607,608,610,616,621,630,639,640,641,646,650,657,679,691,697,709,725,728,742,748,752,759,762,766,770,783,791,793,798,805,816,817,818,820,826,828,861,875,880,909,921,922,927,937,942,944,956,958,968,970,971,993,1002,1014,1034,1038,1048,1076,1097,1099,1101,1102,1137,1139,1143,1145,1159,1187,1191,1195,1201,1222,1269,1301,1303,1306,1308,1317,1344,1350,1361,1364,1386,1388,1398,1412,1415,1428,1429,1445,1446,1450,1455,1457,1468,1472,1475,1481,1486,1499,1501,1519,1533,1578,1594,1601,1614,1621,1640,1666,1669,1679,1689,1712,1718,1720,1737,1755,1759,1769,1782,1784,1785,1786,1793,1802,1816,1827,1846,1858,1872,1882,1884,1890,1929,1950,1974,1983,1984,1995,2035,2039,2042,2058,2068,2084,2098,2109,2118,2119,2127,2129,2143,2185,2200,2211,2262,2285,2286,2292,2297,2301,2306,2314,2317,2324,2348,2372,2383,2396,2416,2423,2448,2456,2459,2468,2484,2497,2509,2525,2533,2538,2544,2583,2587,2611,2614,2633,2638,2653,2656,2663,2668,2669,2680,2685,2689,2693,2711,2717,2730,2736,2749,2771,2772,2780,2785,2793,2805,2806,2808,2819,2823,2837,2838,2847,2848,2849,2850,2858,2877,2886,2893,2903,2928,2932,2934,2941,2944,2956,2981,2991,2997,3025,3045,3058,3067,3082,3087,3088,3103,3105,3108,3119,3142,3146,3164,3170,3183,3202,3214,3218,3226,3246,3265,3282,3303,3324,3325,3341,3348,3371,3379,3384,3391,3395,3397,3418,3419,3427,3446,3447,3450,3466,3472,3479,3495,3500,3534,3542,3547,3552,3556,3566,3576,3605,3620,3624,3643,3655,3666,3675,3677,3689,3693,3700,3721,3731,3742,3745,3763,3777,3781,3800,3806,3810,3816,3828,3829,3850,3851,3859,3865,3868,3869,3874,3890,3891,3892,3893,3894,3906,3920,3924,3929,3945,3946,3957,3962,3996,3999,8804,8805,8821,8824,8827,8836,8837,8849,8855,8890,8898,8902,8906,8908,8916,8919,8934,8942,8945,8957,8958,8960,8961,8976,8977,8997
6,17,26,40,55,61,70,71,85,87,101,128,140,175,185,5009,5012,5019,5052,5062,5064,5065,5074,5077,5093,5094,5102,5105,5106,5108,5121,5139,5144,5157,5169,5171,5174,5178,5190,5198,5215,5217,5220,5226,5229,5233,5236,5237,5243,5248,5251,5263,5286,5298,5322,5323,5327,5328,5345,5348,5361,5364,5369,5372,5374,5398,5402,5417,5427,5430,5438,5445,5455,5456,5457,5471,5494,5502,5507,5512,5529,5561,5563,5592,5599,5600,5619,5634,5644,5647,5661,5677,5690,5706,5712,5724,5747,5755,5759,5760,5772,5779,5792,5800,5815,5826,5834,5835,5845,5846,5850,5856,5857,5870,5872,5877,5878,5886,5904,5929,5931,5945,5997,6001,6003,6014,6020,6028,6066,6079,6092,6097,6101,6113,6137,6150,6168,6177,6188,6192,6198,6218,6224,6229,6231,6234,6244,6252,6254,6259,6265,6305,6318,6340,6358,6371,6374,6381,6388,6389,6405,6418,6436,6469,6475,6479,6485,6494,6501,6529,6533,6560,6570,6571,6579,6581,6589,6593,6624,6634,6647,6648,6652,6653,6659,6661,6668,6669,6681,6686,6694,6705,6716,6734,6745,6749,6751,6756,6782,6788,6794,6807,6815,6818,6843,6856,6865,6867,6892,6894,6898,6901,6906,6911,6916,6929,6933,6940,6943,6947,6959,6973,6988,6997,6998,7001,7008,7026,7029,7036,7038,7044,7062,7097,7117,7134,7136,7137,7143,7156,7159,7160,7163,7172,7175,7182,7201,7205,7221,7222,7224,7225,7233,7247,7248,7271,7308,7315,7317,7320,7343,7365,7368,7395,7400,7406,7413,7419,7423,7444,7451,7456,7462,7471,7473,7475,7476,7482,7515,7526,7529,7551,7554,7561,7580,7599,7601,7606,7625,7634,7667,7677,7687,7688,7689,7703,7718,7744,7774,7802,7807,7832,7860,7866,7917,7930,7933,7936,7958,7960,7963,7969,7970,7973,7975,7983,8014,8022,8023,8039,8043,8058,8060,8080,8097,8111,8116,8120,8128,8138,8162,8174,8179,8186,8231,8234,8236,8237,8245,8257,8258,8260,8266,8270,8281,8296,8310,8327,8328,8333,8353,8357,8369,8375,8376,8379,8381,8386,8411,8420,8421,8425,8428,8460,8462,8467,8469,8475,8483,8519,8521,8541,8559,8562,8582,8591,8593,8598,8599,8606,8607,8610,8617,8618,8622,8624,8626,8648,8659,8667,8683,8698,8705,8710,8716,8777,8781,8799,224,233,240,261,292,320,322,349,358,363,369,370,373,391,401,409,411,413,419,424,430,439,454,459,489,499,500,516,517,522,528,531,535,542,549,552,569,613,618,622,635,654,672,686,690,707,708,718,729,734,735,744,760,763,795,822,830,834,841,843,853,859,866,870,883,904,926,933,935,949,963,965,982,992,1003,1007,1011,1013,1030,1031,1045,1051,1053,1066,1069,1082,1090,1120,1140,1149,1157,1174,1178,1196,1197,1203,1213,1218,1231,1233,1258,1274,1291,1310,1321,1326,1329,1341,1342,1380,1381,1384,1394,1404,1418,1422,1427,1438,1448,1451,1485,1487,1511,1513,1524,1527,1532,1537,1542,1557,1563,1568,1585,1615,1619,1639,1642,1645,1647,1648,1657,1667,1696,1697,1699,1707,1710,1717,1726,1730,1761,1775,1777,1790,1798,1805,1821,1824,1828,1842,1843,1853,1864,1880,1893,1899,1900,1917,1919,1922,1927,1940,1941,1946,1949,1962,1988,1990,2007,2026,2029,2037,2038,2057,2059,2076,2087,2106,2108,2115,2116,2124,2138,2141,2144,2158,2169,2191,2195,2212,2216,2221,2223,2241,2269,2270,2278,2283,2291,2298,2305,2307,2313,2332,2347,2350,2352,2353,2354,2358,2374,2380,2387,2404,2430,2441,2452,2491,2503,2504,2510,2517,2551,2574,2579,2586,2615,2629,2647,2654,2660,2664,2672,2675,2679,2687,2699,2719,2724,2741,2744,2753,2764,2776,2781,2787,2796,2811,2814,2817,2836,2840,2843,2854,2857,2864,2867,2871,2880,2885,2887,2901,2912,2913,2947,2953,2955,2964,2965,2979,2980,2990,3003,3004,3010,3034,3046,3050,3053,3075,3080,3083,3084,3124,3129,3136,3145,3147,3148,3159,3174,3180,3182,3194,3199,3213,3221,3228,3231,3233,3249,3261,3294,3297,3298,3300,3312,3333,3355,3389,3414,3415,3423,3436,3473,3493,3505,3509,3511,3517,3521,3526,3529,3530,3555,3569,3578,3581,3590,3602,3607,3632,3657,3672,3682,3686,3687,3710,3716,3727,3752,3755,3774,3791,3809,3811,3819,3827,3831,3836,3840,3845,3855,3858,3880,3900,3904,3937,3954,3960,3968,3970,3986,3988,3990,3993,8800,8801,8807,8813,8819,8830,8850,8859,8868,8875,8878,8879,8885,8895,8900,8903,8911,8913,8915,8922,8929,8938,8943,8946,8949,8962
1,2,8,16,33,36,42,44,59,78,98,114,118,122,123,125,133,138,148,149,152,154,155,156,157,165,5011,5016,5026,5027,5029,5038,5042,5044,5045,5056,5057,5083,5090,5104,5111,5114,5117,5137,5138,5161,5175,5181,5182,5199,5201,5219,5223,5267,5271,5277,5283,5307,5310,5317,5325,5341,5359,5366,5383,5386,5387,5389,5393,5410,5425,5426,5447,5474,5484,5493,5515,5522,5532,5538,5542,5546,5547,5569,5577,5584,5612,5639,5650,5663,5685,5686,5689,5721,5733,5740,5746,5751,5757,5764,5769,5771,5774,5785,5810,5843,5855,5883,5887,5901,5907,5912,5932,5943,5947,5965,5973,5974,5991,5995,5999,6007,6042,6047,6048,6050,6059,6076,6080,6085,6100,6116,6126,6134,6156,6162,6166,6171,6180,6182,6190,6194,6199,6225,6226,6228,6242,6245,6264,6288,6291,6292,6314,6329,6346,6347,6348,6366,6396,6400,6403,6411,6417,6454,6465,6473,6495,6499,6500,6502,6509,6511,6519,6531,6544,6549,6573,6590,6595,6596,6601,6609,6633,6637,6639,6655,6678,6709,6728,6743,6744,6800,6806,6845,6853,6857,6860,6888,6891,6909,6912,6926,6941,6954,6961,6982,6989,7006,7007,7054,7063,7065,7066,7074,7075,7081,7106,7112,7116,7124,7128,7141,7165,7166,7190,7191,7193,7198,7206,7207,7215,7234,7249,7254,7259,7263,7278,7281,7291,7302,7304,7310,7319,7322,7327,7329,7338,7350,7352,7364,7369,7371,7377,7387,7392,7397,7402,7407,7428,7452,7455,7480,7484,7485,7489,7491,7498,7530,7537,7540,7545,7552,7569,7571,7576,7581,7587,7590,7600,7644,7652,7661,7672,7686,7692,7723,7731,7738,7743,7745,7765,7785,7789,7805,7815,7818,7837,7838,7840,7841,7848,7854,7855,7861,7876,7891,7908,7920,7927,7950,7953,7957,7965,7967,7976,7981,7985,7986,8008,8019,8036,8041,8059,8061,8071,8075,8084,8086,8089,8113,8114,8118,8121,8124,8126,8130,8147,8197,8212,8220,8223,8252,8254,8267,8288,8320,8334,8338,8359,8367,8368,8407,8422,8434,8456,8458,8478,8481,8488,8494,8497,8499,8508,8512,8523,8532,8535,8538,8545,8549,8556,8558,8566,8574,8575,8576,8583,8585,8586,8592,8613,8638,8639,8655,8662,8672,8681,8690,8708,8720,8721,8724,8730,8735,8739,8740,8763,8773,8789,200,214,216,230,235,249,267,279,284,288,301,302,310,333,337,354,374,376,400,425,432,448,449,464,473,474,475,484,518,546,551,560,568,573,584,585,591,603,617,626,628,633,651,660,663,673,684,692,695,715,720,723,732,737,741,751,757,779,787,811,824,840,855,864,868,869,876,882,924,934,938,945,972,975,983,1004,1005,1037,1049,1055,1058,1061,1072,1081,1084,1088,1100,1121,1123,1128,1136,1154,1155,1193,1220,1227,1229,1232,1239,1240,1253,1259,1260,1263,1283,1295,1298,1302,1305,1307,1320,1338,1357,1392,1393,1403,1432,1436,1464,1466,1469,1470,1480,1482,1489,1508,1512,1521,1548,1550,1553,1560,1564,1566,1577,1582,1588,1590,1603,1611,1644,1662,1668,1675,1682,1685,1686,1691,1692,1694,1700,1702,1703,1704,1723,1727,1729,1735,1753,1774,1787,1791,1801,1807,1813,1819,1837,1838,1892,1901,1933,1935,1938,1953,1954,1965,1985,2028,2036,2052,2054,2063,2069,2082,2085,2090,2092,2105,2110,2113,2114,2122,2126,2128,2133,2155,2163,2178,2181,2182,2184,2194,2210,2213,2225,2246,2248,2261,2265,2268,2293,2294,2299,2319,2323,2334,2338,2375,2378,2385,2388,2389,2394,2400,2411,2420,2426,2428,2429,2438,2467,2472,2474,2482,2498,2499,2528,2543,2552,2563,2564,2572,2576,2604,2610,2616,2619,2626,2627,2631,2634,2637,2651,2690,2700,2709,2710,2714,2723,2725,2738,2746,2754,2770,2782,2784,2833,2842,2845,2860,2879,2884,2917,2937,2942,2966,2969,2970,2984,2989,2994,3001,3006,3007,3012,3042,3043,3059,3061,3062,3071,3089,3091,3096,3099,3110,3115,3120,3141,3150,3157,3165,3169,3190,3203,3238,3242,3256,3266,3276,3290,3299,3305,3320,3332,3340,3383,3388,3400,3403,3407,3413,3433,3451,3458,3470,3502,3531,3541,3549,3558,3579,3583,3591,3593,3613,3615,3644,3645,3650,3659,3662,3664,3668,3690,3699,3707,3708,3709,3712,3715,3718,3728,3735,3738,3750,3753,3772,3776,3779,3783,3788,3795,3805,3841,3849,3886,3907,3909,3913,3915,3923,3944,3951,3965,3967,3975,3987,3992,3994,3998,8810,8832,8841,8848,8857,8858,8874,8896,8924,8926,8927,8930,8933,8947,8956,8967,8968,8974,8991,8998
12,25,27,47,52,62,72,76,83,93,109,139,147,159,161,162,173,179,181,188,5004,5010,5021,5022,5041,5043,5051,5055,5066,5071,5096,5112,5129,5136,5140,5149,5158,5165,5166,5168,5172,5185,5186,5187,5191,5196,5205,5208,5227,5239,5246,5257,5261,5268,5278,5282,5288,5303,5321,5333,5350,5351,5360,5376,5377,5378,5388,5396,5401,5405,5423,5424,5428,5431,5442,5465,5487,5491,5525,5531,5535,5544,5578,5626,5667,5669,5674,5695,5704,5705,5732,5741,5743,5762,5766,5768,5777,5784,5788,5795,5803,5804,5816,5818,5827,5841,5867,5891,5894,5913,5914,5924,5942,5949,5968,6005,6008,6009,6021,6025,6053,6056,6062,6072,6084,6087,6088,6112,6118,6125,6130,6196,6207,6210,6211,6219,6237,6240,6243,6249,6271,6277,6278,6280,6281,6296,6299,6303,6310,6312,6317,6332,6341,6349,6356,6383,6385,6407,6413,6414,6422,6432,6439,6450,6474,6482,6489,6497,6506,6510,6520,6523,6538,6547,6562,6580,6583,6591,6600,6604,6606,6615,6642,6679,6685,6704,6706,6708,6710,6724,6727,6732,6740,6747,6752,6755,6757,6765,6770,6804,6822,6827,6834,6836,6848,6854,6878,6887,6931,6939,6948,6968,6974,6996,7003,7004,7005,7011,7023,7025,7030,7032,7041,7076,7092,7094,7104,7105,7107,7110,7122,7132,7139,7177,7179,7181,7208,7250,7264,7265,7283,7289,7301,7305,7307,7321,7335,7353,7379,7382,7389,7415,7416,7434,7435,7436,7437,7461,7466,7468,7483,7486,7493,7511,7516,7523,7533,7536,7566,7567,7574,7588,7595,7597,7617,7627,7658,7671,7694,7696,7701,7707,7710,7730,7736,7754,7757,7764,7767,7781,7783,7790,7808,7811,7823,7829,7831,7833,7834,7853,7856,7865,7879,7888,7892,7893,7900,7911,7921,7928,7943,7962,7971,7977,7991,7993,7999,8011,8037,8038,8047,8053,8055,8062,8063,8068,8074,8076,8081,8105,8106,8127,8135,8149,8151,8163,8164,8171,8172,8178,8196,8206,8232,8235,8242,8244,8251,8256,8261,8264,8269,8291,8300,8312,8331,8340,8343,8364,8383,8388,8392,8400,8405,8412,8413,8417,8423,8427,8435,8441,8446,8448,8454,8517,8565,8568,8569,8602,8605,8614,8619,8620,8633,8644,8660,8664,8688,8733,8738,8742,8746,8771,8778,8785,8796,211,221,227,231,236,243,264,265,269,271,280,283,291,299,304,309,311,315,325,331,334,345,351,377,378,379,380,388,406,407,420,445,455,466,501,511,530,563,567,570,590,606,634,637,696,703,705,712,716,722,754,764,768,790,806,807,810,813,827,844,857,860,865,871,895,902,916,923,928,929,943,953,962,994,1008,1012,1016,1029,1043,1044,1050,1067,1105,1107,1110,1116,1125,1132,1133,1158,1171,1179,1207,1241,1247,1249,1250,1252,1255,1267,1275,1284,1285,1294,1299,1314,1319,1328,1333,1334,1351,1352,1382,1387,1389,1395,1400,1405,1413,1424,1426,1479,1483,1484,1491,1494,1520,1530,1538,1541,1544,1545,1555,1565,1569,1609,1623,1633,1646,1663,1665,1673,1683,1687,1698,1708,1709,1716,1731,1736,1742,1750,1754,1760,1781,1800,1803,1815,1818,1822,1831,1832,1844,1849,1862,1867,1874,1881,1913,1916,1918,1923,1951,1959,1963,1971,1976,1978,1979,1980,1999,2003,2008,2014,2019,2043,2088,2123,2136,2140,2142,2145,2149,2153,2157,2180,2218,2222,2232,2240,2242,2243,2244,2253,2255,2258,2272,2274,2279,2325,2333,2349,2366,2369,2377,2390,2403,2407,2446,2453,2464,2480,2481,2489,2493,2494,2500,2506,2534,2535,2546,2547,2549,2550,2553,2557,2573,2575,2585,2598,2623,2642,2643,2665,2676,2684,2695,2701,2727,2740,2742,2748,2759,2762,2769,2773,2775,2790,2791,2800,2810,2829,2831,2852,2853,2895,2897,2909,2916,2930,2938,2939,2945,2949,2961,2987,3000,3005,3020,3026,3033,3057,3064,3074,3085,3093,3098,3109,3114,3116,3127,3135,3138,3166,3175,3193,3195,3197,3219,3227,3229,3236,3250,3252,3267,3295,3296,3304,3309,3310,3319,3334,3338,3342,3346,3365,3373,3376,3385,3401,3402,3408,3421,3430,3431,3432,3449,3481,3483,3487,3494,3506,3514,3515,3524,3528,3532,3584,3585,3587,3588,3600,3619,3651,3658,3695,3697,3704,3714,3726,3743,3747,3748,3751,3756,3759,3760,3768,3769,3770,3785,3789,3799,3817,3832,3846,3847,3857,3864,3866,3897,3898,3916,3921,3933,3948,3955,3971,3972,3985,3997,8812,8816,8831,8838,8843,8853,8856,8861,8877,8880,8882,8886,8901,8907,8918,8939,8952,8965,8969,8975,8980,8981,8990,8994
4,5,24,51,56,57,66,79,100,119,127,144,151,158,163,177,180,182,195,5001,5017,5030,5035,5036,5039,5069,5085,5092,5100,5107,5110,5126,5132,5162,5163,5164,5209,5210,5225,5238,5250,5252,5276,5290,5305,5306,5326,5340,5344,5363,5367,5368,5446,5449,5458,5460,5463,5466,5485,5486,5489,5497,5510,5511,5513,5516,5523,5527,5530,5539,5567,5570,5595,5607,5608,5613,5630,5638,5641,5646,5657,5681,5713,5717,5722,5727,5749,5754,5756,5770,5775,5782,5783,5805,5813,5814,5828,5829,5838,5849,5852,5874,5888,5900,5916,5920,5922,5926,5938,5939,5944,5951,5966,5992,6000,6015,6017,6024,6035,6046,6051,6067,6069,6070,6104,6106,6114,6135,6141,6144,6149,6161,6170,6174,6175,6184,6193,6197,6202,6205,6215,6233,6248,6255,6258,6262,6263,6276,6283,6285,6286,6287,6289,6342,6354,6364,6368,6376,6386,6398,6421,6423,6427,6448,6449,6451,6452,6456,6463,6486,6490,6516,6556,6557,6561,6568,6578,6588,6592,6602,6611,6644,6650,6657,6663,6666,6670,6673,6674,6714,6722,6723,6726,6739,6748,6766,6778,6785,6808,6810,6819,6824,6826,6828,6835,6841,6872,6875,6882,6890,6905,6907,6908,6920,6924,6938,6942,6955,6962,6976,6993,6994,7013,7014,7022,7082,7083,7103,7114,7123,7125,7129,7130,7144,7145,7149,7153,7164,7170,7189,7196,7204,7210,7217,7230,7242,7243,7255,7261,7276,7309,7313,7314,7316,7324,7325,7332,7339,7341,7361,7362,7363,7370,7390,7424,7440,7469,7470,7487,7488,7502,7507,7508,7513,7546,7575,7589,7592,7598,7605,7607,7610,7611,7613,7614,7619,7620,7621,7622,7643,7645,7657,7663,7668,7670,7685,7698,7714,7715,7726,7752,7759,7769,7770,7775,7806,7812,7813,7819,7820,7827,7842,7858,7875,7883,7898,7899,7910,7924,7929,7934,7944,7946,7955,7956,7961,7996,8000,8006,8016,8017,8042,8054,8098,8122,8134,8150,8156,8159,8173,8188,8194,8199,8209,8210,8217,8218,8222,8226,8262,8273,8290,8302,8306,8309,8361,8382,8385,8396,8426,8432,8440,8442,8450,8453,8455,8461,8500,8510,8525,8527,8547,8550,8564,8573,8579,8581,8628,8671,8675,8679,8707,8741,8747,8760,8768,8770,8797,218,220,229,241,245,258,266,270,273,282,285,307,308,321,323,329,342,343,426,462,469,480,497,498,521,537,553,579,586,595,609,611,624,629,647,653,658,664,674,678,685,702,706,721,739,747,749,758,784,794,796,803,808,809,812,825,831,848,849,887,888,890,900,908,910,913,914,947,959,960,961,964,966,969,978,1001,1015,1017,1027,1032,1039,1074,1078,1096,1103,1122,1130,1147,1148,1150,1160,1162,1182,1188,1206,1237,1246,1254,1264,1271,1272,1288,1289,1292,1304,1312,1315,1316,1322,1330,1331,1332,1356,1372,1373,1414,1437,1440,1449,1453,1492,1506,1518,1529,1531,1571,1574,1592,1599,1600,1610,1624,1625,1627,1632,1660,1661,1674,1680,1706,1714,1715,1721,1732,1751,1776,1778,1789,1792,1794,1836,1840,1841,1857,1861,1868,1869,1873,1875,1876,1895,1915,1928,1931,1936,1937,1943,1948,1960,1964,1994,2004,2006,2009,2010,2016,2017,2020,2021,2033,2046,2050,2067,2071,2081,2089,2100,2101,2160,2164,2166,2170,2203,2205,2208,2214,2219,2231,2234,2245,2256,2257,2263,2275,2280,2284,2302,2310,2315,2316,2344,2346,2351,2364,2410,2412,2413,2419,2433,2445,2455,2457,2466,2479,2483,2490,2505,2507,2513,2522,2541,2582,2601,2603,2607,2613,2620,2659,2661,2666,2674,2677,2678,2683,2692,2707,2708,2715,2716,2726,2735,2737,2747,2758,2766,2768,2779,2783,2786,2795,2801,2812,2820,2822,2824,2827,2834,2846,2883,2898,2899,2911,2919,2922,2924,2929,2931,2936,2948,2951,2952,2957,2960,2971,2974,2986,3008,3017,3023,3030,3038,3060,3065,3073,3086,3095,3097,3102,3104,3112,3117,3121,3125,3176,3187,3201,3230,3234,3235,3237,3240,3247,3253,3284,3287,3288,3316,3330,3331,3344,3362,3364,3368,3369,3370,3374,3381,3386,3405,3416,3422,3435,3442,3448,3452,3455,3457,3460,3462,3463,3467,3471,3474,3482,3491,3510,3520,3522,3533,3537,3554,3559,3560,3594,3595,3599,3614,3622,3630,3635,3639,3642,3660,3676,3691,3717,3732,3734,3764,3771,3775,3786,3793,3801,3804,3814,3823,3824,3825,3830,3833,3842,3852,3860,3862,3873,3883,3884,3887,3888,3899,3903,3919,3961,3966,3974,3981,8803,8809,8811,8818,8862,8872,8889,8905,8921,8923,8936,8954,8964,8966,8996
15,22,23,45,49,64,77,91,99,103,113,126,135,143,164,167,178,190,191,196,199,5008,5013,5015,5024,5028,5031,5040,5048,5049,5050,5059,5070,5091,5109,5113,5127,5128,5131,5141,5142,5145,5148,5189,5203,5218,5221,5245,5287,5295,5314,5346,5371,5379,5384,5394,5399,5409,5454,5467,5475,5509,5521,5533,5536,5549,5558,5560,5588,5589,5594,5609,5623,5660,5662,5668,5679,5691,5700,5701,5707,5710,5714,5715,5716,5723,5726,5729,5734,5752,5793,5796,5802,5808,5812,5819,5820,5836,5844,5848,5860,5861,5865,5875,5880,5882,5909,5917,5921,5925,5948,5950,5964,5967,5975,5976,5980,5998,6023,6030,6045,6060,6075,6081,6108,6109,6120,6122,6124,6129,6167,6181,6191,6201,6217,6230,6257,6260,6267,6268,6273,6279,6294,6307,6309,6316,6323,6326,6339,6360,6363,6373,6391,6394,6399,6409,6419,6426,6429,6435,6446,6455,6457,6466,6478,6481,6492,6498,6507,6539,6543,6551,6553,6566,6577,6587,6616,6643,6656,6658,6684,6689,6693,6700,6712,6719,6720,6750,6759,6779,6793,6795,6796,6803,6821,6837,6846,6852,6862,6868,6885,6904,6913,6915,6917,6923,6944,6952,6953,6957,6958,6964,6967,6983,6985,6992,7012,7016,7027,7033,7040,7050,7058,7059,7068,7070,7080,7101,7102,7126,7133,7140,7147,7152,7169,7178,7214,7236,7238,7239,7252,7256,7293,7295,7298,7326,7336,7346,7348,7366,7374,7380,7386,7394,7403,7408,7410,7425,7430,7443,7448,7463,7503,7504,7510,7512,7514,7520,7541,7544,7562,7563,7568,7579,7593,7602,7623,7628,7629,7630,7632,7637,7669,7684,7697,7711,7712,7713,7720,7735,7748,7753,7762,7766,7782,7788,7817,7821,7839,7843,7846,7881,7882,7889,7894,7902,7913,7925,7939,7978,7998,8004,8018,8020,8025,8026,8052,8072,8073,8087,8090,8095,8100,8109,8119,8129,8132,8141,8142,8158,8161,8167,8168,8183,8187,8191,8207,8225,8230,8283,8284,8289,8295,8318,8321,8330,8352,8360,8362,8374,8384,8402,8484,8489,8493,8504,8505,8516,8518,8529,8539,8540,8543,8548,8555,8557,8561,8572,8609,8612,8631,8658,8670,8677,8694,8699,8700,8709,8737,8751,8758,8767,8784,202,205,210,219,228,232,289,300,318,327,336,338,340,348,366,371,385,386,392,395,397,405,410,422,440,460,461,463,478,482,485,504,506,508,515,524,545,559,561,583,593,594,596,599,614,636,648,656,661,666,681,700,701,710,736,753,756,765,767,775,780,802,819,823,832,835,838,847,877,879,885,892,893,894,899,911,932,936,984,989,990,997,1009,1018,1022,1040,1041,1042,1056,1060,1065,1068,1070,1075,1079,1080,1091,1092,1118,1131,1141,1170,1177,1181,1183,1189,1190,1192,1214,1215,1217,1221,1226,1236,1256,1270,1276,1278,1281,1290,1296,1323,1325,1353,1362,1363,1371,1374,1376,1383,1399,1408,1416,1421,1442,1452,1454,1467,1490,1517,1523,1543,1549,1556,1558,1573,1575,1579,1580,1583,1584,1598,1606,1612,1613,1620,1638,1650,1656,1676,1677,1701,1711,1734,1743,1744,1747,1758,1762,1764,1765,1766,1767,1773,1795,1799,1823,1825,1829,1830,1856,1863,1871,1888,1904,1905,1906,1909,1930,1952,1961,1977,1981,1986,1987,1992,2005,2012,2013,2034,2040,2041,2047,2051,2075,2095,2125,2130,2131,2132,2135,2146,2152,2165,2189,2204,2224,2228,2236,2252,2276,2282,2303,2308,2329,2335,2337,2359,2362,2367,2391,2395,2405,2414,2432,2451,2460,2471,2488,2496,2511,2523,2532,2537,2556,2558,2559,2569,2571,2588,2589,2597,2602,2609,2624,2635,2649,2657,2667,2671,2691,2696,2705,2720,2734,2765,2804,2815,2816,2825,2830,2851,2863,2869,2873,2874,2888,2892,2906,2918,2921,2923,2927,2933,2935,2943,2950,2954,2962,2975,2978,2988,2992,2999,3019,3036,3037,3044,3048,3049,3072,3078,3134,3137,3144,3153,3158,3161,3163,3171,3186,3198,3204,3215,3251,3258,3262,3269,3271,3281,3285,3291,3308,3313,3321,3323,3349,3351,3361,3382,3404,3417,3428,3429,3443,3459,3461,3464,3478,3484,3485,3489,3497,3498,3513,3518,3543,3550,3592,3596,3598,3616,3625,3628,3640,3646,3652,3656,3669,3673,3679,3680,3681,3692,3701,3702,3703,3705,3706,3719,3730,3737,3746,3754,3757,3765,3767,3784,3794,3797,3807,3808,3820,3834,3835,3838,3854,3870,3876,3882,3895,3896,3905,3918,3922,3927,3936,3943,3956,3963,8828,8829,8834,8839,8842,8847,8852,8860,8867,8891,8928,8941,8944,8973,8979,8983,8988
11,38,48,73,74,75,82,84,90,97,105,111,131,137,145,150,160,172,184,192,197,198,5000,5046,5060,5079,5080,5088,5097,5135,5143,5150,5151,5152,5155,5167,5179,5192,5193,5213,5265,5272,5273,5275,5279,5299,5318,5319,5329,5339,5355,5373,5404,5407,5411,5413,5419,5422,5429,5434,5441,5459,5478,5499,5504,5520,5534,5540,5555,5587,5593,5598,5601,5611,5618,5620,5627,5636,5640,5649,5673,5697,5699,5702,5719,5739,5780,5809,5811,5830,5840,5885,5889,5895,5905,5935,5941,5946,5957,5958,5960,5962,5963,5970,5972,5979,5981,6006,6016,6026,6032,6044,6054,6055,6064,6071,6083,6096,6107,6110,6119,6138,6139,6143,6145,6153,6165,6172,6173,6195,6250,6282,6290,6293,6313,6315,6320,6322,6330,6331,6336,6365,6372,6382,6392,6424,6438,6440,6445,6447,6493,6503,6512,6513,6518,6522,6528,6530,6535,6536,6540,6564,6565,6569,6575,6582,6594,6619,6620,6622,6625,6638,6664,6665,6671,6702,6703,6715,6721,6733,6753,6761,6764,6775,6776,6777,6789,6792,6817,6825,6832,6850,6855,6861,6876,6897,6899,6910,6914,6925,6927,6932,6934,6981,7009,7043,7052,7053,7055,7060,7079,7084,7090,7108,7109,7118,7119,7120,7142,7154,7158,7168,7171,7209,7220,7229,7246,7262,7269,7273,7275,7284,7290,7299,7333,7358,7359,7360,7373,7376,7396,7399,7422,7438,7446,7457,7458,7464,7478,7481,7494,7506,7517,7521,7527,7534,7559,7608,7616,7640,7641,7647,7650,7673,7675,7676,7679,7693,7702,7704,7719,7722,7727,7728,7734,7750,7755,7768,7771,7772,7776,7777,7786,7795,7809,7822,7836,7844,7845,7896,7918,7932,7941,7968,7974,7992,7994,7995,8001,8015,8021,8028,8029,8030,8044,8046,8048,8051,8057,8078,8088,8091,8108,8110,8125,8131,8140,8165,8166,8175,8177,8204,8205,8208,8214,8224,8228,8247,8248,8263,8265,8268,8282,8285,8298,8299,8303,8313,8315,8316,8323,8324,8329,8337,8347,8348,8366,8395,8398,8399,8403,8409,8414,8433,8439,8464,8480,8490,8501,8502,8507,8524,8528,8536,8546,8551,8560,8563,8577,8603,8604,8623,8630,8636,8645,8653,8687,8695,8697,8712,8722,8725,8731,8743,8744,8748,8752,8756,8772,8776,8780,8783,8795,208,215,217,247,276,312,346,347,357,368,381,383,387,398,403,415,418,427,437,441,444,451,452,456,468,470,472,476,491,493,520,523,533,534,547,575,588,592,602,605,615,620,632,655,662,665,689,698,726,733,738,740,746,750,772,778,782,786,792,814,836,851,856,858,862,872,896,907,912,915,952,985,1021,1026,1028,1052,1054,1064,1071,1108,1111,1119,1126,1134,1135,1169,1175,1176,1200,1204,1209,1219,1223,1224,1225,1251,1262,1273,1279,1280,1282,1297,1300,1345,1346,1354,1355,1365,1396,1439,1458,1460,1463,1474,1478,1488,1493,1500,1504,1505,1510,1525,1528,1535,1551,1554,1561,1570,1572,1589,1593,1604,1617,1626,1630,1643,1652,1654,1655,1659,1671,1672,1684,1688,1693,1695,1728,1741,1770,1783,1820,1847,1850,1851,1860,1865,1870,1879,1887,1889,1907,1908,1926,1942,1944,1945,1956,1966,1970,1972,2001,2023,2027,2062,2072,2078,2083,2099,2104,2121,2139,2156,2161,2162,2171,2183,2192,2202,2206,2207,2238,2239,2247,2250,2266,2288,2289,2300,2304,2328,2339,2341,2356,2361,2365,2379,2381,2401,2406,2409,2422,2424,2437,2440,2449,2454,2458,2461,2463,2477,2512,2514,2518,2519,2527,2531,2540,2542,2555,2570,2577,2578,2584,2590,2591,2592,2593,2599,2608,2612,2617,2621,2622,2625,2639,2641,2645,2652,2673,2697,2703,2706,2712,2722,2761,2767,2798,2821,2826,2832,2835,2862,2868,2872,2875,2889,2896,2908,2914,2920,2959,2963,2972,2973,2976,3014,3018,3021,3027,3031,3035,3039,3040,3047,3054,3063,3066,3076,3077,3094,3101,3111,3122,3132,3149,3154,3156,3167,3168,3172,3179,3181,3184,3185,3200,3210,3211,3212,3239,3248,3257,3264,3275,3279,3286,3293,3301,3307,3317,3318,3336,3343,3345,3350,3356,3357,3359,3372,3377,3393,3399,3434,3437,3441,3453,3454,3488,3492,3499,3503,3507,3512,3519,3525,3527,3538,3544,3548,3557,3563,3568,3573,3575,3597,3603,3609,3610,3618,3621,3626,3627,3631,3633,3636,3641,3647,3667,3683,3688,3696,3733,3736,3740,3773,3778,3812,3821,3839,3861,3871,3901,3902,3939,3941,3978,3979,3983,3995,8808,8820,8826,8851,8863,8864,8865,8871,8876,8888,8897,8904,8910,8914,8917,8920,8925,8951,8970
14,19,28,29,31,35,37,53,65,80,86,94,96,102,107,115,132,134,141,142,166,171,5034,5037,5047,5063,5084,5095,5098,5115,5116,5120,5123,5124,5134,5160,5173,5176,5195,5211,5235,5254,5256,5260,5264,5274,5281,5285,5291,5294,5300,5311,5315,5330,5331,5332,5343,5352,5353,5370,5380,5392,5400,5412,5415,5416,5418,5432,5436,5444,5450,5472,5482,5505,5514,5518,5543,5550,5553,5571,5575,5579,5581,5591,5604,5616,5629,5631,5637,5652,5675,5696,5703,5709,5711,5720,5725,5753,5761,5789,5794,5798,5799,5801,5807,5824,5825,5839,5842,5854,5858,5859,5862,5879,5897,5899,5903,5915,5927,5955,5978,5987,5988,5994,6004,6018,6019,6034,6038,6040,6041,6043,6057,6063,6065,6082,6090,6093,6094,6099,6115,6121,6136,6146,6160,6183,6189,6212,6236,6238,6246,6253,6274,6275,6300,6319,6324,6334,6351,6352,6359,6375,6380,6406,6410,6420,6430,6434,6437,6444,6453,6459,6460,6467,6477,6484,6514,6515,6574,6586,6608,6618,6635,6646,6649,6651,6662,6696,6711,6717,6718,6725,6738,6754,6763,6771,6781,6786,6791,6797,6805,6813,6816,6833,6838,6870,6871,6879,6884,6895,6902,6921,6930,6936,6945,6950,6965,6969,6972,6980,6987,6990,7000,7017,7024,7035,7045,7049,7069,7072,7088,7091,7093,7095,7096,7127,7131,7138,7148,7151,7162,7173,7184,7188,7194,7211,7223,7235,7237,7240,7251,7253,7257,7258,7270,7277,7279,7282,7292,7294,7296,7303,7311,7318,7323,7330,7334,7337,7344,7347,7349,7354,7375,7391,7411,7417,7418,7421,7433,7441,7453,7460,7465,7499,7500,7505,7519,7524,7542,7548,7555,7565,7582,7586,7594,7609,7631,7642,7648,7653,7655,7660,7662,7680,7691,7700,7708,7716,7724,7741,7742,7758,7773,7778,7787,7792,7793,7794,7799,7800,7816,7826,7835,7867,7869,7877,7903,7905,7914,7919,7923,7926,7931,7935,7942,7966,7979,7980,7984,7988,7990,8050,8064,8077,8082,8103,8133,8139,8143,8160,8170,8180,8213,8219,8221,8229,8239,8240,8249,8275,8276,8279,8287,8301,8305,8308,8311,8326,8335,8336,8339,8341,8342,8346,8350,8363,8372,8378,8380,8401,8406,8410,8415,8429,8431,8437,8470,8471,8479,8482,8485,8498,8506,8513,8520,8530,8571,8578,8587,8590,8608,8615,8629,8632,8634,8643,8663,8669,8674,8676,8682,8692,8702,8713,8723,8745,8754,8755,8762,8766,8788,8794,207,255,257,268,274,290,305,316,328,332,339,341,356,361,375,382,389,414,417,421,428,438,458,465,492,496,502,509,512,513,540,544,554,555,557,558,571,577,580,587,600,627,645,649,659,668,669,675,687,694,704,713,724,743,769,773,781,785,788,789,800,804,815,833,850,873,889,905,920,939,940,941,948,967,979,986,995,998,999,1000,1025,1036,1047,1083,1086,1089,1095,1106,1109,1112,1113,1124,1138,1151,1161,1166,1168,1180,1184,1194,1198,1230,1235,1245,1248,1268,1287,1313,1324,1327,1335,1337,1340,1343,1358,1366,1378,1397,1410,1420,1423,1435,1444,1447,1462,1473,1477,1503,1515,1536,1539,1540,1581,1597,1628,1629,1641,1649,1651,1664,1670,1678,1681,1719,1733,1738,1739,1746,1756,1768,1772,1796,1808,1809,1810,1812,1826,1834,1835,1845,1854,1855,1878,1896,1898,1911,1914,1925,1932,1934,1957,1958,1969,1975,1991,1993,1997,2022,2032,2055,2066,2070,2074,2091,2093,2094,2117,2120,2172,2174,2188,2190,2196,2197,2199,2201,2215,2220,2229,2251,2254,2259,2264,2271,2273,2281,2295,2296,2309,2311,2312,2321,2322,2327,2331,2336,2342,2386,2397,2398,2415,2418,2421,2431,2434,2435,2439,2443,2444,2450,2470,2476,2487,2501,2502,2508,2515,2520,2530,2561,2562,2567,2594,2596,2628,2636,2640,2646,2650,2658,2686,2704,2718,2721,2739,2755,2760,2763,2778,2792,2794,2797,2809,2841,2844,2855,2856,2859,2861,2865,2870,2882,2910,2915,2926,2946,3016,3022,3041,3051,3056,3068,3069,3090,3092,3100,3107,3131,3139,3151,3173,3177,3178,3188,3205,3207,3208,3209,3224,3243,3245,3255,3268,3272,3278,3302,3328,3337,3360,3375,3378,3392,3396,3410,3411,3420,3440,3465,3468,3476,3496,3508,3523,3536,3553,3567,3572,3580,3586,3589,3601,3638,3665,3670,3685,3711,3720,3723,3724,3729,3741,3762,3766,3780,3792,3798,3802,3837,3848,3853,3856,3885,3910,3911,3925,3928,3930,3932,3934,3935,3947,3949,3959,3964,3969,3984,8815,8817,8822,8833,8840,8854,8884,8887,8935,8985,8989,8995
0,3,18,20,34,41,43,54,68,95,104,108,116,117,129,168,183,193,5007,5014,5020,5025,5054,5061,5068,5073,5076,5078,5099,5103,5118,5122,5125,5130,5133,5153,5159,5180,5184,5200,5202,5204,5206,5216,5222,5228,5231,5232,5242,5247,5255,5258,5269,5280,5289,5302,5304,5308,5313,5324,5336,5354,5356,5365,5382,5385,5414,5421,5433,5435,5440,5451,5469,5483,5488,5492,5496,5500,5508,5537,5551,5556,5568,5574,5582,5586,5605,5621,5622,5625,5632,5642,5655,5656,5659,5665,5676,5692,5698,5735,5736,5742,5744,5745,5758,5763,5767,5781,5797,5817,5823,5833,5837,5847,5873,5881,5884,5890,5896,5918,5919,5928,5930,5937,5969,5983,5984,5993,5996,6011,6012,6029,6036,6073,6074,6078,6089,6091,6095,6098,6102,6111,6117,6154,6157,6159,6178,6185,6186,6187,6208,6209,6214,6216,6220,6221,6222,6223,6235,6239,6241,6247,6256,6261,6298,6308,6325,6333,6343,6344,6345,6362,6370,6393,6397,6401,6408,6412,6428,6431,6433,6443,6470,6480,6483,6488,6496,6505,6526,6527,6534,6541,6545,6552,6558,6559,6572,6610,6612,6614,6629,6631,6645,6682,6687,6688,6690,6701,6707,6713,6735,6736,6737,6758,6762,6767,6772,6780,6790,6799,6801,6831,6847,6859,6863,6864,6873,6877,6881,6918,6922,6946,6949,6951,6960,6979,6984,6986,6995,7010,7018,7031,7034,7039,7048,7056,7061,7064,7073,7099,7135,7155,7157,7167,7174,7183,7186,7195,7199,7216,7228,7245,7260,7266,7272,7285,7287,7288,7312,7331,7351,7378,7393,7412,7420,7426,7427,7432,7450,7474,7479,7522,7531,7532,7538,7539,7549,7550,7558,7560,7570,7577,7583,7591,7615,7633,7635,7666,7699,7709,7717,7721,7732,7747,7749,7751,7760,7763,7779,7780,7784,7801,7810,7824,7825,7828,7830,7847,7852,7864,7872,7886,7895,7904,7906,7909,7922,7940,7945,7948,7949,7951,7964,7972,8002,8027,8033,8034,8049,8065,8067,8069,8070,8092,8093,8099,8101,8112,8137,8144,8145,8169,8184,8195,8216,8233,8243,8253,8255,8271,8277,8286,8307,8314,8319,8325,8332,8355,8358,8377,8390,8419,8452,8457,8468,8472,8477,8491,8496,8503,8509,8514,8522,8531,8537,8584,8588,8594,8597,8611,8625,8640,8641,8649,8654,8656,8661,8678,8680,8685,8701,8703,8706,8715,8717,8719,8727,8734,8753,8759,8769,8779,8787,8790,8791,201,222,237,242,248,253,256,260,281,293,296,298,317,319,326,335,344,350,360,372,384,390,402,404,408,435,447,450,453,467,481,483,503,507,514,529,538,541,543,566,576,589,601,612,619,638,652,667,670,671,677,680,693,711,714,727,731,745,755,774,777,797,821,829,842,845,878,881,884,891,906,918,919,925,930,946,950,954,974,981,988,991,996,1006,1010,1024,1033,1046,1073,1077,1093,1094,1098,1104,1115,1117,1127,1129,1142,1144,1163,1167,1172,1173,1205,1210,1216,1238,1243,1261,1277,1286,1293,1309,1311,1318,1336,1339,1349,1360,1370,1375,1377,1379,1385,1401,1402,1406,1409,1411,1417,1419,1425,1431,1434,1441,1459,1461,1465,1495,1507,1509,1514,1522,1534,1546,1547,1552,1562,1567,1586,1587,1595,1596,1616,1618,1631,1634,1635,1653,1658,1690,1705,1713,1722,1724,1749,1780,1788,1797,1804,1806,1811,1814,1833,1859,1885,1894,1897,1903,1910,1921,1939,1955,1968,1973,1989,1996,2002,2011,2018,2024,2030,2031,2045,2048,2053,2056,2060,2065,2107,2111,2137,2147,2154,2175,2177,2193,2198,2217,2226,2227,2230,2233,2235,2249,2277,2287,2290,2326,2330,2340,2343,2355,2357,2370,2376,2384,2399,2402,2417,2425,2447,2462,2465,2473,2475,2485,2486,2492,2516,2521,2524,2536,2545,2548,2580,2600,2618,2630,2644,2648,2662,2681,2731,2733,2751,2752,2756,2757,2774,2789,2813,2881,2890,2894,2900,2902,2907,2925,2967,2968,2982,3002,3009,3015,3024,3028,3052,3055,3070,3079,3106,3113,3118,3123,3140,3152,3160,3162,3191,3196,3223,3232,3241,3259,3263,3273,3277,3289,3314,3329,3352,3354,3367,3380,3387,3394,3398,3412,3424,3426,3439,3445,3456,3469,3475,3477,3480,3486,3490,3516,3539,3551,3564,3577,3604,3608,3611,3612,3623,3634,3637,3649,3653,3661,3663,3674,3694,3722,3739,3749,3796,3813,3818,3822,3826,3843,3878,3879,3889,3908,3917,3931,3940,3942,3958,3973,3977,3982,3991,8802,8814,8825,8835,8845,8869,8873,8892,8894,8899,8912,8931,8937,8948,8953,8959,8972,8978,8984,8986,8987,8992,8993,8999
7,9,21,58,67,69,88,89,92,106,121,130,170,174,176,187,5006,5018,5023,5032,5053,5067,5072,5081,5082,5086,5089,5101,5146,5154,5156,5170,5194,5197,5212,5214,5224,5230,5234,5244,5249,5259,5266,5270,5284,5292,5297,5312,5316,5334,5335,5338,5342,5347,5357,5358,5362,5375,5390,5391,5397,5406,5420,5443,5448,5452,5461,5462,5464,5468,5470,5476,5479,5481,5490,5495,5501,5526,5528,5545,5548,5557,5559,5572,5573,5576,5583,5596,5602,5603,5606,5610,5617,5651,5658,5671,5672,5682,5683,5684,5688,5708,5718,5731,5737,5738,5776,5778,5790,5821,5822,5831,5868,5869,5892,5902,5906,5911,5923,5933,5936,5959,5961,5971,5986,5989,5990,6027,6031,6039,6061,6068,6086,6103,6105,6123,6127,6128,6132,6133,6147,6152,6158,6163,6164,6169,6176,6204,6206,6269,6284,6297,6302,6306,6311,6321,6327,6328,6353,6355,6357,6361,6367,6377,6384,6402,6425,6441,6461,6487,6491,6508,6521,6524,6532,6537,6542,6548,6567,6576,6584,6585,6603,6605,6607,6613,6626,6627,6636,6640,6641,6654,6672,6675,6676,6677,6680,6683,6691,6695,6742,6760,6768,6773,6774,6783,6787,6798,6802,6809,6812,6814,6820,6829,6830,6839,6840,6844,6849,6866,6874,6880,6896,6900,6903,6928,6937,6956,6971,6977,7002,7020,7028,7037,7042,7051,7057,7077,7086,7087,7089,7098,7100,7113,7146,7150,7161,7180,7200,7202,7203,7227,7232,7241,7267,7268,7274,7286,7300,7306,7328,7340,7342,7367,7381,7383,7384,7388,7401,7404,7409,7414,7431,7442,7447,7449,7454,7467,7472,7477,7495,7497,7525,7535,7547,7556,7557,7564,7572,7573,7578,7604,7624,7646,7649,7651,7654,7656,7664,7665,7674,7695,7706,7733,7739,7746,7756,7797,7859,7862,7870,7873,7874,7880,7885,7887,7890,7937,7938,7959,7982,8005,8007,8010,8012,8013,8032,8035,8040,8045,8056,8083,8094,8096,8104,8107,8123,8146,8157,8176,8185,8190,8192,8193,8200,8201,8203,8211,8227,8238,8241,8250,8272,8274,8304,8317,8344,8345,8356,8389,8391,8408,8418,8424,8430,8438,8443,8445,8447,8449,8451,8463,8465,8476,8515,8534,8542,8552,8567,8580,8589,8600,8601,8616,8621,8637,8642,8650,8652,8666,8668,8673,8684,8711,8718,8728,8729,8732,8736,8749,8750,8765,8786,203,204,209,213,223,234,246,250,251,252,254,259,272,286,294,313,324,330,353,362,365,367,394,396,399,412,416,423,433,442,443,446,457,477,479,486,488,505,510,525,526,532,539,548,556,562,564,565,574,581,582,597,598,623,625,631,642,643,644,676,682,683,688,699,717,719,730,761,771,776,799,801,837,839,846,852,854,863,867,874,886,897,898,901,903,917,931,951,955,957,973,976,977,980,987,1019,1020,1023,1035,1057,1059,1062,1063,1085,1087,1114,1146,1152,1153,1156,1164,1165,1185,1186,1199,1202,1208,1211,1212,1228,1234,1242,1244,1257,1265,1266,1347,1348,1359,1367,1368,1369,1390,1391,1407,1430,1433,1443,1456,1471,1476,1496,1497,1498,1502,1516,1526,1559,1576,1591,1602,1605,1607,1608,1622,1636,1637,1725,1740,1745,1748,1752,1757,1763,1771,1779,1817,1839,1848,1852,1866,1877,1883,1886,1891,1902,1912,1920,1924,1947,1967,1982,1998,2000,2015,2025,2044,2049,2061,2064,2073,2077,2079,2080,2086,2096,2097,2102,2103,2112,2134,2148,2150,2151,2159,2167,2168,2173,2176,2179,2186,2187,2209,2237,2260,2267,2318,2320,2345,2360,2363,2368,2371,2373,2382,2392,2393,2408,2427,2436,2442,2469,2478,2495,2526,2529,2539,2554,2560,2565,2566,2568,2581,2595,2605,2606,2632,2655,2670,2682,2688,2694,2698,2702,2713,2728,2729,2732,2743,2745,2750,2777,2788,2799,2802,2803,2807,2818,2828,2839,2866,2876,2878,2891,2904,2905,2940,2958,2977,2983,2985,2993,2995,2996,2998,3011,3013,3029,3032,3081,3126,3128,3130,3133,3143,3155,3189,3192,3206,3216,3217,3220,3222,3225,3244,3254,3260,3270,3274,3280,3283,3292,3306,3311,3315,3322,3326,3327,3335,3339,3347,3353,3358,3363,3366,3390,3406,3409,3425,3438,3444,3501,3504,3535,3540,3545,3546,3561,3562,3565,3570,3571,3574,3582,3606,3617,3629,3648,3654,3671,3678,3684,3698,3713,3725,3744,3758,3761,3782,3787,3790,3803,3815,3844,3863,3867,3872,3875,3877,3881,3912,3914,3926,3938,3950,3952,3953,3976,3980,3989,8806,8823,8844,8846,8866,8870,8881,8883,8893,8909,8932,8940,8950,8955,8963,8971,8982
